
Efinix Static Timing Analysis Report
Version: 2026.1.132
Date: Sun Aug 16 21:36:39 2026

Copyright (C) 2013 - 2026 Efinix, Inc. All rights reserved.

Top-level Entity Name: t20f169_spi_debug

SDC Filename: Not Specified

Timing Model: C3
	temperature : 0C to 85C
	voltage : 1.2V +/-50mV
	speedgrade : 3
	technology : s40ll
	status : final

---------- Table of Contents (begin) ----------
   1. Clock Frequency Summary
   2. Clock Relationship Summary
   3. Path Details for Max Critical Paths
   4. Path Details for Min Critical Paths
---------- Table of Contents (end) ------------

---------- 1. Clock Frequency Summary (begin) ----------

User target constrained clocks
 Clock Name  Period (ns)  Frequency (MHz)   Waveform      Targets
 pll_150Mhz     1.000        1000.000     {0.000 0.500} {pll_150Mhz}

Maximum possible analyzed clocks frequency
 Clock Name  Period (ns)  Frequency (MHz)     Edge
 pll_150Mhz     3.318        301.386         (R-R)

Geomean max period: 3.318

---------- Clock Frequency Summary (end) ---------------

---------- 2. Clock Relationship Summary (begin) ----------

Setup (Max) Clock Relationship
  Launch Clock    Capture Clock   Constraint (ns)     Slack (ns)          Edge
   pll_150Mhz       pll_150Mhz         1.000            -2.318           (R-R)

Hold (Min) Clock Relationship
  Launch Clock    Capture Clock   Constraint (ns)     Slack (ns)          Edge
   pll_150Mhz       pll_150Mhz         0.000            0.307            (R-R)

NOTE: Values are in nanoseconds.

---------- Clock Relationship Summary (end) ---------------

---------- 3. Path Details for Max Critical Paths (begin) ----------

################################################################################
Path Detail Report (pll_150Mhz vs pll_150Mhz)
################################################################################


++++ Path 1 ++++++++++++++++++++++++++++++++++++++++++++++++++++++++++++++++++++

Path Begin    : counter[0]~FF|CLK                    
Path End      : LED[0]~FF|D                          
Launch Clock  : pll_150Mhz (RISE)                    
Capture Clock : pll_150Mhz (RISE)                    
Slack         : -2.318 (required time - arrival time)
Delay         : 2.643                                

Logic Level             : 24
Non-global nets on path : 24
Global nets on path     :  0

Launch Clock Path Delay        : 5.343
+ Clock To Q + Data Path Delay : 3.162
--------------------------------------
End-of-path arrival time       : 8.505

Constraint                     : 1.000
+ Capture Clock Path Delay     : 5.343
- Clock Uncertainty            : 0.156
--------------------------------------
End-of-path required time      : 6.187

Launch Clock Path
      name         model name   delay (ns)  cumulative delay (ns) pins on net    location
===========================================================================================
pll_150Mhz           inpad        0.000             0.000               0        (0,118)
pll_150Mhz           inpad        0.260             0.260               2        (0,118)
pll_150Mhz           net          0.416             0.676               2        (0,118)
   Routing elements:
      Manhattan distance of X:1, Y:0
CLKBUF__0|I          gbuf         4.667             5.343               2        (1,118)
CLKBUF__0|O          gbuf         0.000             5.343              26        (1,118)
pll_150Mhz~O         net          0.000             5.343              26        (1,118)
counter[0]~FF|CLK    ff           0.000             5.343              26        (81,17)

Data Path
     name        model name   delay (ns)  cumulative delay (ns) pins on net    location
=========================================================================================
counter[0]~FF|Q    ff           0.366             0.366              3         (81,17)
counter[0]         net          0.676             1.042              3         (81,17)
   Routing elements:
      Manhattan distance of X:0, Y:1
add_22/i1|I0       adder        0.290             1.332              3         (81,18)
add_22/i1|CO       adder        0.000             1.332              2         (81,18)
add_22/n2          net          0.000             1.332              2         (81,18)
   Routing elements:
      Manhattan distance of X:0, Y:1
add_22/i2|CI       adder        0.065             1.397              2         (81,19)
add_22/i2|CO       adder        0.000             1.397              2         (81,19)
add_22/n4          net          0.000             1.397              2         (81,19)
   Routing elements:
      Manhattan distance of X:0, Y:1
add_22/i3|CI       adder        0.065             1.462              2         (81,20)
add_22/i3|CO       adder        0.000             1.462              2         (81,20)
add_22/n6          net          0.000             1.462              2         (81,20)
   Routing elements:
      Manhattan distance of X:0, Y:1
add_22/i4|CI       adder        0.065             1.527              2         (81,21)
add_22/i4|CO       adder        0.000             1.527              2         (81,21)
add_22/n8          net          0.000             1.527              2         (81,21)
   Routing elements:
      Manhattan distance of X:0, Y:1
add_22/i5|CI       adder        0.065             1.592              2         (81,22)
add_22/i5|CO       adder        0.000             1.592              2         (81,22)
add_22/n10         net          0.000             1.592              2         (81,22)
   Routing elements:
      Manhattan distance of X:0, Y:1
add_22/i6|CI       adder        0.065             1.657              2         (81,23)
add_22/i6|CO       adder        0.000             1.657              2         (81,23)
add_22/n12         net          0.000             1.657              2         (81,23)
   Routing elements:
      Manhattan distance of X:0, Y:1
add_22/i7|CI       adder        0.065             1.722              2         (81,24)
add_22/i7|CO       adder        0.000             1.722              2         (81,24)
add_22/n14         net          0.000             1.722              2         (81,24)
   Routing elements:
      Manhattan distance of X:0, Y:1
add_22/i8|CI       adder        0.065             1.787              2         (81,25)
add_22/i8|CO       adder        0.000             1.787              2         (81,25)
add_22/n16         net          0.000             1.787              2         (81,25)
   Routing elements:
      Manhattan distance of X:0, Y:1
add_22/i9|CI       adder        0.065             1.852              2         (81,26)
add_22/i9|CO       adder        0.000             1.852              2         (81,26)
add_22/n18         net          0.000             1.852              2         (81,26)
   Routing elements:
      Manhattan distance of X:0, Y:1
add_22/i10|CI      adder        0.065             1.917              2         (81,27)
add_22/i10|CO      adder        0.000             1.917              2         (81,27)
add_22/n20         net          0.000             1.917              2         (81,27)
   Routing elements:
      Manhattan distance of X:0, Y:1
add_22/i11|CI      adder        0.065             1.982              2         (81,28)
add_22/i11|CO      adder        0.000             1.982              2         (81,28)
add_22/n22         net          0.000             1.982              2         (81,28)
   Routing elements:
      Manhattan distance of X:0, Y:1
add_22/i12|CI      adder        0.065             2.047              2         (81,29)
add_22/i12|CO      adder        0.000             2.047              2         (81,29)
add_22/n24         net          0.000             2.047              2         (81,29)
   Routing elements:
      Manhattan distance of X:0, Y:1
add_22/i13|CI      adder        0.065             2.112              2         (81,30)
add_22/i13|CO      adder        0.000             2.112              2         (81,30)
add_22/n26         net          0.000             2.112              2         (81,30)
   Routing elements:
      Manhattan distance of X:0, Y:1
add_22/i14|CI      adder        0.065             2.177              2         (81,31)
add_22/i14|CO      adder        0.000             2.177              2         (81,31)
add_22/n28         net          0.000             2.177              2         (81,31)
   Routing elements:
      Manhattan distance of X:0, Y:1
add_22/i15|CI      adder        0.065             2.242              2         (81,32)
add_22/i15|CO      adder        0.000             2.242              2         (81,32)
add_22/n30         net          0.000             2.242              2         (81,32)
   Routing elements:
      Manhattan distance of X:0, Y:1
add_22/i16|CI      adder        0.065             2.307              2         (81,33)
add_22/i16|CO      adder        0.000             2.307              2         (81,33)
add_22/n32         net          0.000             2.307              2         (81,33)
   Routing elements:
      Manhattan distance of X:0, Y:1
add_22/i17|CI      adder        0.065             2.372              2         (81,34)
add_22/i17|CO      adder        0.000             2.372              2         (81,34)
add_22/n34         net          0.000             2.372              2         (81,34)
   Routing elements:
      Manhattan distance of X:0, Y:1
add_22/i18|CI      adder        0.065             2.437              2         (81,35)
add_22/i18|CO      adder        0.000             2.437              2         (81,35)
add_22/n36         net          0.000             2.437              2         (81,35)
   Routing elements:
      Manhattan distance of X:0, Y:1
add_22/i19|CI      adder        0.065             2.502              2         (81,36)
add_22/i19|CO      adder        0.000             2.502              2         (81,36)
add_22/n38         net          0.000             2.502              2         (81,36)
   Routing elements:
      Manhattan distance of X:0, Y:1
add_22/i20|CI      adder        0.065             2.567              2         (81,37)
add_22/i20|CO      adder        0.000             2.567              2         (81,37)
add_22/n40         net          0.000             2.567              2         (81,37)
   Routing elements:
      Manhattan distance of X:0, Y:1
add_22/i21|CI      adder        0.065             2.632              2         (81,38)
add_22/i21|CO      adder        0.000             2.632              2         (81,38)
add_22/n42         net          0.000             2.632              2         (81,38)
   Routing elements:
      Manhattan distance of X:0, Y:1
add_22/i22|CI      adder        0.065             2.697              2         (81,39)
add_22/i22|CO      adder        0.000             2.697              2         (81,39)
add_22/n44         net          0.000             2.697              2         (81,39)
   Routing elements:
      Manhattan distance of X:0, Y:1
add_22/i23|CI      adder        0.065             2.762              2         (81,40)
add_22/i23|CO      adder        0.000             2.762              2         (81,40)
add_22/n46         net          0.000             2.762              2         (81,40)
   Routing elements:
      Manhattan distance of X:0, Y:1
add_22/i24|CI      adder        0.247             3.009              2         (81,41)
add_22/i24|O       adder        0.000             3.009              2         (81,41)
n8                 net          0.000             3.009              2         (81,41)
LED[0]~FF|D        ff           0.153             3.162              2         (81,41)

Capture Clock Path
    name       model name   delay (ns)  cumulative delay (ns) pins on net    location
=======================================================================================
pll_150Mhz       inpad        0.000             0.000               0        (0,118)
pll_150Mhz       inpad        0.260             0.260               2        (0,118)
pll_150Mhz       net          0.416             0.676               2        (0,118)
   Routing elements:
      Manhattan distance of X:1, Y:0
CLKBUF__0|I      gbuf         4.667             5.343               2        (1,118)
CLKBUF__0|O      gbuf         0.000             5.343              26        (1,118)
pll_150Mhz~O     net          0.000             5.343              26        (1,118)
LED[0]~FF|CLK    ff           0.000             5.343              26        (81,41)

++++ Path 2 ++++++++++++++++++++++++++++++++++++++++++++++++++++++++++++++++++++

Path Begin    : counter[0]~FF|CLK                    
Path End      : counter[23]~FF|D                     
Launch Clock  : pll_150Mhz (RISE)                    
Capture Clock : pll_150Mhz (RISE)                    
Slack         : -2.253 (required time - arrival time)
Delay         : 2.578                                

Logic Level             : 23
Non-global nets on path : 23
Global nets on path     :  0

Launch Clock Path Delay        : 5.343
+ Clock To Q + Data Path Delay : 3.097
--------------------------------------
End-of-path arrival time       : 8.440

Constraint                     : 1.000
+ Capture Clock Path Delay     : 5.343
- Clock Uncertainty            : 0.156
--------------------------------------
End-of-path required time      : 6.187

Launch Clock Path
      name         model name   delay (ns)  cumulative delay (ns) pins on net    location
===========================================================================================
pll_150Mhz           inpad        0.000             0.000               0        (0,118)
pll_150Mhz           inpad        0.260             0.260               2        (0,118)
pll_150Mhz           net          0.416             0.676               2        (0,118)
   Routing elements:
      Manhattan distance of X:1, Y:0
CLKBUF__0|I          gbuf         4.667             5.343               2        (1,118)
CLKBUF__0|O          gbuf         0.000             5.343              26        (1,118)
pll_150Mhz~O         net          0.000             5.343              26        (1,118)
counter[0]~FF|CLK    ff           0.000             5.343              26        (81,17)

Data Path
      name        model name   delay (ns)  cumulative delay (ns) pins on net    location
==========================================================================================
counter[0]~FF|Q     ff           0.366             0.366              3         (81,17)
counter[0]          net          0.676             1.042              3         (81,17)
   Routing elements:
      Manhattan distance of X:0, Y:1
add_22/i1|I0        adder        0.290             1.332              3         (81,18)
add_22/i1|CO        adder        0.000             1.332              2         (81,18)
add_22/n2           net          0.000             1.332              2         (81,18)
   Routing elements:
      Manhattan distance of X:0, Y:1
add_22/i2|CI        adder        0.065             1.397              2         (81,19)
add_22/i2|CO        adder        0.000             1.397              2         (81,19)
add_22/n4           net          0.000             1.397              2         (81,19)
   Routing elements:
      Manhattan distance of X:0, Y:1
add_22/i3|CI        adder        0.065             1.462              2         (81,20)
add_22/i3|CO        adder        0.000             1.462              2         (81,20)
add_22/n6           net          0.000             1.462              2         (81,20)
   Routing elements:
      Manhattan distance of X:0, Y:1
add_22/i4|CI        adder        0.065             1.527              2         (81,21)
add_22/i4|CO        adder        0.000             1.527              2         (81,21)
add_22/n8           net          0.000             1.527              2         (81,21)
   Routing elements:
      Manhattan distance of X:0, Y:1
add_22/i5|CI        adder        0.065             1.592              2         (81,22)
add_22/i5|CO        adder        0.000             1.592              2         (81,22)
add_22/n10          net          0.000             1.592              2         (81,22)
   Routing elements:
      Manhattan distance of X:0, Y:1
add_22/i6|CI        adder        0.065             1.657              2         (81,23)
add_22/i6|CO        adder        0.000             1.657              2         (81,23)
add_22/n12          net          0.000             1.657              2         (81,23)
   Routing elements:
      Manhattan distance of X:0, Y:1
add_22/i7|CI        adder        0.065             1.722              2         (81,24)
add_22/i7|CO        adder        0.000             1.722              2         (81,24)
add_22/n14          net          0.000             1.722              2         (81,24)
   Routing elements:
      Manhattan distance of X:0, Y:1
add_22/i8|CI        adder        0.065             1.787              2         (81,25)
add_22/i8|CO        adder        0.000             1.787              2         (81,25)
add_22/n16          net          0.000             1.787              2         (81,25)
   Routing elements:
      Manhattan distance of X:0, Y:1
add_22/i9|CI        adder        0.065             1.852              2         (81,26)
add_22/i9|CO        adder        0.000             1.852              2         (81,26)
add_22/n18          net          0.000             1.852              2         (81,26)
   Routing elements:
      Manhattan distance of X:0, Y:1
add_22/i10|CI       adder        0.065             1.917              2         (81,27)
add_22/i10|CO       adder        0.000             1.917              2         (81,27)
add_22/n20          net          0.000             1.917              2         (81,27)
   Routing elements:
      Manhattan distance of X:0, Y:1
add_22/i11|CI       adder        0.065             1.982              2         (81,28)
add_22/i11|CO       adder        0.000             1.982              2         (81,28)
add_22/n22          net          0.000             1.982              2         (81,28)
   Routing elements:
      Manhattan distance of X:0, Y:1
add_22/i12|CI       adder        0.065             2.047              2         (81,29)
add_22/i12|CO       adder        0.000             2.047              2         (81,29)
add_22/n24          net          0.000             2.047              2         (81,29)
   Routing elements:
      Manhattan distance of X:0, Y:1
add_22/i13|CI       adder        0.065             2.112              2         (81,30)
add_22/i13|CO       adder        0.000             2.112              2         (81,30)
add_22/n26          net          0.000             2.112              2         (81,30)
   Routing elements:
      Manhattan distance of X:0, Y:1
add_22/i14|CI       adder        0.065             2.177              2         (81,31)
add_22/i14|CO       adder        0.000             2.177              2         (81,31)
add_22/n28          net          0.000             2.177              2         (81,31)
   Routing elements:
      Manhattan distance of X:0, Y:1
add_22/i15|CI       adder        0.065             2.242              2         (81,32)
add_22/i15|CO       adder        0.000             2.242              2         (81,32)
add_22/n30          net          0.000             2.242              2         (81,32)
   Routing elements:
      Manhattan distance of X:0, Y:1
add_22/i16|CI       adder        0.065             2.307              2         (81,33)
add_22/i16|CO       adder        0.000             2.307              2         (81,33)
add_22/n32          net          0.000             2.307              2         (81,33)
   Routing elements:
      Manhattan distance of X:0, Y:1
add_22/i17|CI       adder        0.065             2.372              2         (81,34)
add_22/i17|CO       adder        0.000             2.372              2         (81,34)
add_22/n34          net          0.000             2.372              2         (81,34)
   Routing elements:
      Manhattan distance of X:0, Y:1
add_22/i18|CI       adder        0.065             2.437              2         (81,35)
add_22/i18|CO       adder        0.000             2.437              2         (81,35)
add_22/n36          net          0.000             2.437              2         (81,35)
   Routing elements:
      Manhattan distance of X:0, Y:1
add_22/i19|CI       adder        0.065             2.502              2         (81,36)
add_22/i19|CO       adder        0.000             2.502              2         (81,36)
add_22/n38          net          0.000             2.502              2         (81,36)
   Routing elements:
      Manhattan distance of X:0, Y:1
add_22/i20|CI       adder        0.065             2.567              2         (81,37)
add_22/i20|CO       adder        0.000             2.567              2         (81,37)
add_22/n40          net          0.000             2.567              2         (81,37)
   Routing elements:
      Manhattan distance of X:0, Y:1
add_22/i21|CI       adder        0.065             2.632              2         (81,38)
add_22/i21|CO       adder        0.000             2.632              2         (81,38)
add_22/n42          net          0.000             2.632              2         (81,38)
   Routing elements:
      Manhattan distance of X:0, Y:1
add_22/i22|CI       adder        0.065             2.697              2         (81,39)
add_22/i22|CO       adder        0.000             2.697              2         (81,39)
add_22/n44          net          0.000             2.697              2         (81,39)
   Routing elements:
      Manhattan distance of X:0, Y:1
add_22/i23|CI       adder        0.247             2.944              2         (81,40)
add_22/i23|O        adder        0.000             2.944              2         (81,40)
n9                  net          0.000             2.944              2         (81,40)
counter[23]~FF|D    ff           0.153             3.097              2         (81,40)

Capture Clock Path
       name         model name   delay (ns)  cumulative delay (ns) pins on net    location
============================================================================================
pll_150Mhz            inpad        0.000             0.000               0        (0,118)
pll_150Mhz            inpad        0.260             0.260               2        (0,118)
pll_150Mhz            net          0.416             0.676               2        (0,118)
   Routing elements:
      Manhattan distance of X:1, Y:0
CLKBUF__0|I           gbuf         4.667             5.343               2        (1,118)
CLKBUF__0|O           gbuf         0.000             5.343              26        (1,118)
pll_150Mhz~O          net          0.000             5.343              26        (1,118)
counter[23]~FF|CLK    ff           0.000             5.343              26        (81,40)

++++ Path 3 ++++++++++++++++++++++++++++++++++++++++++++++++++++++++++++++++++++

Path Begin    : counter[0]~FF|CLK                    
Path End      : SPI_MISO~FF|D                        
Launch Clock  : pll_150Mhz (RISE)                    
Capture Clock : pll_150Mhz (RISE)                    
Slack         : -2.188 (required time - arrival time)
Delay         : 2.513                                

Logic Level             : 22
Non-global nets on path : 22
Global nets on path     :  0

Launch Clock Path Delay        : 5.343
+ Clock To Q + Data Path Delay : 3.032
--------------------------------------
End-of-path arrival time       : 8.375

Constraint                     : 1.000
+ Capture Clock Path Delay     : 5.343
- Clock Uncertainty            : 0.156
--------------------------------------
End-of-path required time      : 6.187

Launch Clock Path
      name         model name   delay (ns)  cumulative delay (ns) pins on net    location
===========================================================================================
pll_150Mhz           inpad        0.000             0.000               0        (0,118)
pll_150Mhz           inpad        0.260             0.260               2        (0,118)
pll_150Mhz           net          0.416             0.676               2        (0,118)
   Routing elements:
      Manhattan distance of X:1, Y:0
CLKBUF__0|I          gbuf         4.667             5.343               2        (1,118)
CLKBUF__0|O          gbuf         0.000             5.343              26        (1,118)
pll_150Mhz~O         net          0.000             5.343              26        (1,118)
counter[0]~FF|CLK    ff           0.000             5.343              26        (81,17)

Data Path
     name        model name   delay (ns)  cumulative delay (ns) pins on net    location
=========================================================================================
counter[0]~FF|Q    ff           0.366             0.366              3         (81,17)
counter[0]         net          0.676             1.042              3         (81,17)
   Routing elements:
      Manhattan distance of X:0, Y:1
add_22/i1|I0       adder        0.290             1.332              3         (81,18)
add_22/i1|CO       adder        0.000             1.332              2         (81,18)
add_22/n2          net          0.000             1.332              2         (81,18)
   Routing elements:
      Manhattan distance of X:0, Y:1
add_22/i2|CI       adder        0.065             1.397              2         (81,19)
add_22/i2|CO       adder        0.000             1.397              2         (81,19)
add_22/n4          net          0.000             1.397              2         (81,19)
   Routing elements:
      Manhattan distance of X:0, Y:1
add_22/i3|CI       adder        0.065             1.462              2         (81,20)
add_22/i3|CO       adder        0.000             1.462              2         (81,20)
add_22/n6          net          0.000             1.462              2         (81,20)
   Routing elements:
      Manhattan distance of X:0, Y:1
add_22/i4|CI       adder        0.065             1.527              2         (81,21)
add_22/i4|CO       adder        0.000             1.527              2         (81,21)
add_22/n8          net          0.000             1.527              2         (81,21)
   Routing elements:
      Manhattan distance of X:0, Y:1
add_22/i5|CI       adder        0.065             1.592              2         (81,22)
add_22/i5|CO       adder        0.000             1.592              2         (81,22)
add_22/n10         net          0.000             1.592              2         (81,22)
   Routing elements:
      Manhattan distance of X:0, Y:1
add_22/i6|CI       adder        0.065             1.657              2         (81,23)
add_22/i6|CO       adder        0.000             1.657              2         (81,23)
add_22/n12         net          0.000             1.657              2         (81,23)
   Routing elements:
      Manhattan distance of X:0, Y:1
add_22/i7|CI       adder        0.065             1.722              2         (81,24)
add_22/i7|CO       adder        0.000             1.722              2         (81,24)
add_22/n14         net          0.000             1.722              2         (81,24)
   Routing elements:
      Manhattan distance of X:0, Y:1
add_22/i8|CI       adder        0.065             1.787              2         (81,25)
add_22/i8|CO       adder        0.000             1.787              2         (81,25)
add_22/n16         net          0.000             1.787              2         (81,25)
   Routing elements:
      Manhattan distance of X:0, Y:1
add_22/i9|CI       adder        0.065             1.852              2         (81,26)
add_22/i9|CO       adder        0.000             1.852              2         (81,26)
add_22/n18         net          0.000             1.852              2         (81,26)
   Routing elements:
      Manhattan distance of X:0, Y:1
add_22/i10|CI      adder        0.065             1.917              2         (81,27)
add_22/i10|CO      adder        0.000             1.917              2         (81,27)
add_22/n20         net          0.000             1.917              2         (81,27)
   Routing elements:
      Manhattan distance of X:0, Y:1
add_22/i11|CI      adder        0.065             1.982              2         (81,28)
add_22/i11|CO      adder        0.000             1.982              2         (81,28)
add_22/n22         net          0.000             1.982              2         (81,28)
   Routing elements:
      Manhattan distance of X:0, Y:1
add_22/i12|CI      adder        0.065             2.047              2         (81,29)
add_22/i12|CO      adder        0.000             2.047              2         (81,29)
add_22/n24         net          0.000             2.047              2         (81,29)
   Routing elements:
      Manhattan distance of X:0, Y:1
add_22/i13|CI      adder        0.065             2.112              2         (81,30)
add_22/i13|CO      adder        0.000             2.112              2         (81,30)
add_22/n26         net          0.000             2.112              2         (81,30)
   Routing elements:
      Manhattan distance of X:0, Y:1
add_22/i14|CI      adder        0.065             2.177              2         (81,31)
add_22/i14|CO      adder        0.000             2.177              2         (81,31)
add_22/n28         net          0.000             2.177              2         (81,31)
   Routing elements:
      Manhattan distance of X:0, Y:1
add_22/i15|CI      adder        0.065             2.242              2         (81,32)
add_22/i15|CO      adder        0.000             2.242              2         (81,32)
add_22/n30         net          0.000             2.242              2         (81,32)
   Routing elements:
      Manhattan distance of X:0, Y:1
add_22/i16|CI      adder        0.065             2.307              2         (81,33)
add_22/i16|CO      adder        0.000             2.307              2         (81,33)
add_22/n32         net          0.000             2.307              2         (81,33)
   Routing elements:
      Manhattan distance of X:0, Y:1
add_22/i17|CI      adder        0.065             2.372              2         (81,34)
add_22/i17|CO      adder        0.000             2.372              2         (81,34)
add_22/n34         net          0.000             2.372              2         (81,34)
   Routing elements:
      Manhattan distance of X:0, Y:1
add_22/i18|CI      adder        0.065             2.437              2         (81,35)
add_22/i18|CO      adder        0.000             2.437              2         (81,35)
add_22/n36         net          0.000             2.437              2         (81,35)
   Routing elements:
      Manhattan distance of X:0, Y:1
add_22/i19|CI      adder        0.065             2.502              2         (81,36)
add_22/i19|CO      adder        0.000             2.502              2         (81,36)
add_22/n38         net          0.000             2.502              2         (81,36)
   Routing elements:
      Manhattan distance of X:0, Y:1
add_22/i20|CI      adder        0.065             2.567              2         (81,37)
add_22/i20|CO      adder        0.000             2.567              2         (81,37)
add_22/n40         net          0.000             2.567              2         (81,37)
   Routing elements:
      Manhattan distance of X:0, Y:1
add_22/i21|CI      adder        0.065             2.632              2         (81,38)
add_22/i21|CO      adder        0.000             2.632              2         (81,38)
add_22/n42         net          0.000             2.632              2         (81,38)
   Routing elements:
      Manhattan distance of X:0, Y:1
add_22/i22|CI      adder        0.247             2.879              2         (81,39)
add_22/i22|O       adder        0.000             2.879              2         (81,39)
n10                net          0.000             2.879              2         (81,39)
SPI_MISO~FF|D      ff           0.153             3.032              2         (81,39)

Capture Clock Path
     name        model name   delay (ns)  cumulative delay (ns) pins on net    location
=========================================================================================
pll_150Mhz         inpad        0.000             0.000               0        (0,118)
pll_150Mhz         inpad        0.260             0.260               2        (0,118)
pll_150Mhz         net          0.416             0.676               2        (0,118)
   Routing elements:
      Manhattan distance of X:1, Y:0
CLKBUF__0|I        gbuf         4.667             5.343               2        (1,118)
CLKBUF__0|O        gbuf         0.000             5.343              26        (1,118)
pll_150Mhz~O       net          0.000             5.343              26        (1,118)
SPI_MISO~FF|CLK    ff           0.000             5.343              26        (81,39)

++++ Path 4 ++++++++++++++++++++++++++++++++++++++++++++++++++++++++++++++++++++

Path Begin    : counter[0]~FF|CLK                    
Path End      : counter[21]~FF|D                     
Launch Clock  : pll_150Mhz (RISE)                    
Capture Clock : pll_150Mhz (RISE)                    
Slack         : -2.123 (required time - arrival time)
Delay         : 2.448                                

Logic Level             : 21
Non-global nets on path : 21
Global nets on path     :  0

Launch Clock Path Delay        : 5.343
+ Clock To Q + Data Path Delay : 2.967
--------------------------------------
End-of-path arrival time       : 8.310

Constraint                     : 1.000
+ Capture Clock Path Delay     : 5.343
- Clock Uncertainty            : 0.156
--------------------------------------
End-of-path required time      : 6.187

Launch Clock Path
      name         model name   delay (ns)  cumulative delay (ns) pins on net    location
===========================================================================================
pll_150Mhz           inpad        0.000             0.000               0        (0,118)
pll_150Mhz           inpad        0.260             0.260               2        (0,118)
pll_150Mhz           net          0.416             0.676               2        (0,118)
   Routing elements:
      Manhattan distance of X:1, Y:0
CLKBUF__0|I          gbuf         4.667             5.343               2        (1,118)
CLKBUF__0|O          gbuf         0.000             5.343              26        (1,118)
pll_150Mhz~O         net          0.000             5.343              26        (1,118)
counter[0]~FF|CLK    ff           0.000             5.343              26        (81,17)

Data Path
      name        model name   delay (ns)  cumulative delay (ns) pins on net    location
==========================================================================================
counter[0]~FF|Q     ff           0.366             0.366              3         (81,17)
counter[0]          net          0.676             1.042              3         (81,17)
   Routing elements:
      Manhattan distance of X:0, Y:1
add_22/i1|I0        adder        0.290             1.332              3         (81,18)
add_22/i1|CO        adder        0.000             1.332              2         (81,18)
add_22/n2           net          0.000             1.332              2         (81,18)
   Routing elements:
      Manhattan distance of X:0, Y:1
add_22/i2|CI        adder        0.065             1.397              2         (81,19)
add_22/i2|CO        adder        0.000             1.397              2         (81,19)
add_22/n4           net          0.000             1.397              2         (81,19)
   Routing elements:
      Manhattan distance of X:0, Y:1
add_22/i3|CI        adder        0.065             1.462              2         (81,20)
add_22/i3|CO        adder        0.000             1.462              2         (81,20)
add_22/n6           net          0.000             1.462              2         (81,20)
   Routing elements:
      Manhattan distance of X:0, Y:1
add_22/i4|CI        adder        0.065             1.527              2         (81,21)
add_22/i4|CO        adder        0.000             1.527              2         (81,21)
add_22/n8           net          0.000             1.527              2         (81,21)
   Routing elements:
      Manhattan distance of X:0, Y:1
add_22/i5|CI        adder        0.065             1.592              2         (81,22)
add_22/i5|CO        adder        0.000             1.592              2         (81,22)
add_22/n10          net          0.000             1.592              2         (81,22)
   Routing elements:
      Manhattan distance of X:0, Y:1
add_22/i6|CI        adder        0.065             1.657              2         (81,23)
add_22/i6|CO        adder        0.000             1.657              2         (81,23)
add_22/n12          net          0.000             1.657              2         (81,23)
   Routing elements:
      Manhattan distance of X:0, Y:1
add_22/i7|CI        adder        0.065             1.722              2         (81,24)
add_22/i7|CO        adder        0.000             1.722              2         (81,24)
add_22/n14          net          0.000             1.722              2         (81,24)
   Routing elements:
      Manhattan distance of X:0, Y:1
add_22/i8|CI        adder        0.065             1.787              2         (81,25)
add_22/i8|CO        adder        0.000             1.787              2         (81,25)
add_22/n16          net          0.000             1.787              2         (81,25)
   Routing elements:
      Manhattan distance of X:0, Y:1
add_22/i9|CI        adder        0.065             1.852              2         (81,26)
add_22/i9|CO        adder        0.000             1.852              2         (81,26)
add_22/n18          net          0.000             1.852              2         (81,26)
   Routing elements:
      Manhattan distance of X:0, Y:1
add_22/i10|CI       adder        0.065             1.917              2         (81,27)
add_22/i10|CO       adder        0.000             1.917              2         (81,27)
add_22/n20          net          0.000             1.917              2         (81,27)
   Routing elements:
      Manhattan distance of X:0, Y:1
add_22/i11|CI       adder        0.065             1.982              2         (81,28)
add_22/i11|CO       adder        0.000             1.982              2         (81,28)
add_22/n22          net          0.000             1.982              2         (81,28)
   Routing elements:
      Manhattan distance of X:0, Y:1
add_22/i12|CI       adder        0.065             2.047              2         (81,29)
add_22/i12|CO       adder        0.000             2.047              2         (81,29)
add_22/n24          net          0.000             2.047              2         (81,29)
   Routing elements:
      Manhattan distance of X:0, Y:1
add_22/i13|CI       adder        0.065             2.112              2         (81,30)
add_22/i13|CO       adder        0.000             2.112              2         (81,30)
add_22/n26          net          0.000             2.112              2         (81,30)
   Routing elements:
      Manhattan distance of X:0, Y:1
add_22/i14|CI       adder        0.065             2.177              2         (81,31)
add_22/i14|CO       adder        0.000             2.177              2         (81,31)
add_22/n28          net          0.000             2.177              2         (81,31)
   Routing elements:
      Manhattan distance of X:0, Y:1
add_22/i15|CI       adder        0.065             2.242              2         (81,32)
add_22/i15|CO       adder        0.000             2.242              2         (81,32)
add_22/n30          net          0.000             2.242              2         (81,32)
   Routing elements:
      Manhattan distance of X:0, Y:1
add_22/i16|CI       adder        0.065             2.307              2         (81,33)
add_22/i16|CO       adder        0.000             2.307              2         (81,33)
add_22/n32          net          0.000             2.307              2         (81,33)
   Routing elements:
      Manhattan distance of X:0, Y:1
add_22/i17|CI       adder        0.065             2.372              2         (81,34)
add_22/i17|CO       adder        0.000             2.372              2         (81,34)
add_22/n34          net          0.000             2.372              2         (81,34)
   Routing elements:
      Manhattan distance of X:0, Y:1
add_22/i18|CI       adder        0.065             2.437              2         (81,35)
add_22/i18|CO       adder        0.000             2.437              2         (81,35)
add_22/n36          net          0.000             2.437              2         (81,35)
   Routing elements:
      Manhattan distance of X:0, Y:1
add_22/i19|CI       adder        0.065             2.502              2         (81,36)
add_22/i19|CO       adder        0.000             2.502              2         (81,36)
add_22/n38          net          0.000             2.502              2         (81,36)
   Routing elements:
      Manhattan distance of X:0, Y:1
add_22/i20|CI       adder        0.065             2.567              2         (81,37)
add_22/i20|CO       adder        0.000             2.567              2         (81,37)
add_22/n40          net          0.000             2.567              2         (81,37)
   Routing elements:
      Manhattan distance of X:0, Y:1
add_22/i21|CI       adder        0.247             2.814              2         (81,38)
add_22/i21|O        adder        0.000             2.814              2         (81,38)
n11                 net          0.000             2.814              2         (81,38)
counter[21]~FF|D    ff           0.153             2.967              2         (81,38)

Capture Clock Path
       name         model name   delay (ns)  cumulative delay (ns) pins on net    location
============================================================================================
pll_150Mhz            inpad        0.000             0.000               0        (0,118)
pll_150Mhz            inpad        0.260             0.260               2        (0,118)
pll_150Mhz            net          0.416             0.676               2        (0,118)
   Routing elements:
      Manhattan distance of X:1, Y:0
CLKBUF__0|I           gbuf         4.667             5.343               2        (1,118)
CLKBUF__0|O           gbuf         0.000             5.343              26        (1,118)
pll_150Mhz~O          net          0.000             5.343              26        (1,118)
counter[21]~FF|CLK    ff           0.000             5.343              26        (81,38)

++++ Path 5 ++++++++++++++++++++++++++++++++++++++++++++++++++++++++++++++++++++

Path Begin    : counter[1]~FF|CLK                    
Path End      : LED[0]~FF|D                          
Launch Clock  : pll_150Mhz (RISE)                    
Capture Clock : pll_150Mhz (RISE)                    
Slack         : -2.080 (required time - arrival time)
Delay         : 2.405                                

Logic Level             : 24
Non-global nets on path : 24
Global nets on path     :  0

Launch Clock Path Delay        : 5.343
+ Clock To Q + Data Path Delay : 2.924
--------------------------------------
End-of-path arrival time       : 8.267

Constraint                     : 1.000
+ Capture Clock Path Delay     : 5.343
- Clock Uncertainty            : 0.156
--------------------------------------
End-of-path required time      : 6.187

Launch Clock Path
      name         model name   delay (ns)  cumulative delay (ns) pins on net    location
===========================================================================================
pll_150Mhz           inpad        0.000             0.000               0        (0,118)
pll_150Mhz           inpad        0.260             0.260               2        (0,118)
pll_150Mhz           net          0.416             0.676               2        (0,118)
   Routing elements:
      Manhattan distance of X:1, Y:0
CLKBUF__0|I          gbuf         4.667             5.343               2        (1,118)
CLKBUF__0|O          gbuf         0.000             5.343              26        (1,118)
pll_150Mhz~O         net          0.000             5.343              26        (1,118)
counter[1]~FF|CLK    ff           0.000             5.343              26        (81,18)

Data Path
     name        model name   delay (ns)  cumulative delay (ns) pins on net    location
=========================================================================================
counter[1]~FF|Q    ff           0.366             0.366              2         (81,18)
counter[1]         net          0.438             0.804              2         (81,18)
add_22/i1|I1       adder        0.290             1.094              2         (81,18)
add_22/i1|CO       adder        0.000             1.094              2         (81,18)
add_22/n2          net          0.000             1.094              2         (81,18)
   Routing elements:
      Manhattan distance of X:0, Y:1
add_22/i2|CI       adder        0.065             1.159              2         (81,19)
add_22/i2|CO       adder        0.000             1.159              2         (81,19)
add_22/n4          net          0.000             1.159              2         (81,19)
   Routing elements:
      Manhattan distance of X:0, Y:1
add_22/i3|CI       adder        0.065             1.224              2         (81,20)
add_22/i3|CO       adder        0.000             1.224              2         (81,20)
add_22/n6          net          0.000             1.224              2         (81,20)
   Routing elements:
      Manhattan distance of X:0, Y:1
add_22/i4|CI       adder        0.065             1.289              2         (81,21)
add_22/i4|CO       adder        0.000             1.289              2         (81,21)
add_22/n8          net          0.000             1.289              2         (81,21)
   Routing elements:
      Manhattan distance of X:0, Y:1
add_22/i5|CI       adder        0.065             1.354              2         (81,22)
add_22/i5|CO       adder        0.000             1.354              2         (81,22)
add_22/n10         net          0.000             1.354              2         (81,22)
   Routing elements:
      Manhattan distance of X:0, Y:1
add_22/i6|CI       adder        0.065             1.419              2         (81,23)
add_22/i6|CO       adder        0.000             1.419              2         (81,23)
add_22/n12         net          0.000             1.419              2         (81,23)
   Routing elements:
      Manhattan distance of X:0, Y:1
add_22/i7|CI       adder        0.065             1.484              2         (81,24)
add_22/i7|CO       adder        0.000             1.484              2         (81,24)
add_22/n14         net          0.000             1.484              2         (81,24)
   Routing elements:
      Manhattan distance of X:0, Y:1
add_22/i8|CI       adder        0.065             1.549              2         (81,25)
add_22/i8|CO       adder        0.000             1.549              2         (81,25)
add_22/n16         net          0.000             1.549              2         (81,25)
   Routing elements:
      Manhattan distance of X:0, Y:1
add_22/i9|CI       adder        0.065             1.614              2         (81,26)
add_22/i9|CO       adder        0.000             1.614              2         (81,26)
add_22/n18         net          0.000             1.614              2         (81,26)
   Routing elements:
      Manhattan distance of X:0, Y:1
add_22/i10|CI      adder        0.065             1.679              2         (81,27)
add_22/i10|CO      adder        0.000             1.679              2         (81,27)
add_22/n20         net          0.000             1.679              2         (81,27)
   Routing elements:
      Manhattan distance of X:0, Y:1
add_22/i11|CI      adder        0.065             1.744              2         (81,28)
add_22/i11|CO      adder        0.000             1.744              2         (81,28)
add_22/n22         net          0.000             1.744              2         (81,28)
   Routing elements:
      Manhattan distance of X:0, Y:1
add_22/i12|CI      adder        0.065             1.809              2         (81,29)
add_22/i12|CO      adder        0.000             1.809              2         (81,29)
add_22/n24         net          0.000             1.809              2         (81,29)
   Routing elements:
      Manhattan distance of X:0, Y:1
add_22/i13|CI      adder        0.065             1.874              2         (81,30)
add_22/i13|CO      adder        0.000             1.874              2         (81,30)
add_22/n26         net          0.000             1.874              2         (81,30)
   Routing elements:
      Manhattan distance of X:0, Y:1
add_22/i14|CI      adder        0.065             1.939              2         (81,31)
add_22/i14|CO      adder        0.000             1.939              2         (81,31)
add_22/n28         net          0.000             1.939              2         (81,31)
   Routing elements:
      Manhattan distance of X:0, Y:1
add_22/i15|CI      adder        0.065             2.004              2         (81,32)
add_22/i15|CO      adder        0.000             2.004              2         (81,32)
add_22/n30         net          0.000             2.004              2         (81,32)
   Routing elements:
      Manhattan distance of X:0, Y:1
add_22/i16|CI      adder        0.065             2.069              2         (81,33)
add_22/i16|CO      adder        0.000             2.069              2         (81,33)
add_22/n32         net          0.000             2.069              2         (81,33)
   Routing elements:
      Manhattan distance of X:0, Y:1
add_22/i17|CI      adder        0.065             2.134              2         (81,34)
add_22/i17|CO      adder        0.000             2.134              2         (81,34)
add_22/n34         net          0.000             2.134              2         (81,34)
   Routing elements:
      Manhattan distance of X:0, Y:1
add_22/i18|CI      adder        0.065             2.199              2         (81,35)
add_22/i18|CO      adder        0.000             2.199              2         (81,35)
add_22/n36         net          0.000             2.199              2         (81,35)
   Routing elements:
      Manhattan distance of X:0, Y:1
add_22/i19|CI      adder        0.065             2.264              2         (81,36)
add_22/i19|CO      adder        0.000             2.264              2         (81,36)
add_22/n38         net          0.000             2.264              2         (81,36)
   Routing elements:
      Manhattan distance of X:0, Y:1
add_22/i20|CI      adder        0.065             2.329              2         (81,37)
add_22/i20|CO      adder        0.000             2.329              2         (81,37)
add_22/n40         net          0.000             2.329              2         (81,37)
   Routing elements:
      Manhattan distance of X:0, Y:1
add_22/i21|CI      adder        0.065             2.394              2         (81,38)
add_22/i21|CO      adder        0.000             2.394              2         (81,38)
add_22/n42         net          0.000             2.394              2         (81,38)
   Routing elements:
      Manhattan distance of X:0, Y:1
add_22/i22|CI      adder        0.065             2.459              2         (81,39)
add_22/i22|CO      adder        0.000             2.459              2         (81,39)
add_22/n44         net          0.000             2.459              2         (81,39)
   Routing elements:
      Manhattan distance of X:0, Y:1
add_22/i23|CI      adder        0.065             2.524              2         (81,40)
add_22/i23|CO      adder        0.000             2.524              2         (81,40)
add_22/n46         net          0.000             2.524              2         (81,40)
   Routing elements:
      Manhattan distance of X:0, Y:1
add_22/i24|CI      adder        0.247             2.771              2         (81,41)
add_22/i24|O       adder        0.000             2.771              2         (81,41)
n8                 net          0.000             2.771              2         (81,41)
LED[0]~FF|D        ff           0.153             2.924              2         (81,41)

Capture Clock Path
    name       model name   delay (ns)  cumulative delay (ns) pins on net    location
=======================================================================================
pll_150Mhz       inpad        0.000             0.000               0        (0,118)
pll_150Mhz       inpad        0.260             0.260               2        (0,118)
pll_150Mhz       net          0.416             0.676               2        (0,118)
   Routing elements:
      Manhattan distance of X:1, Y:0
CLKBUF__0|I      gbuf         4.667             5.343               2        (1,118)
CLKBUF__0|O      gbuf         0.000             5.343              26        (1,118)
pll_150Mhz~O     net          0.000             5.343              26        (1,118)
LED[0]~FF|CLK    ff           0.000             5.343              26        (81,41)

++++ Path 6 ++++++++++++++++++++++++++++++++++++++++++++++++++++++++++++++++++++

Path Begin    : counter[0]~FF|CLK                    
Path End      : counter[20]~FF|D                     
Launch Clock  : pll_150Mhz (RISE)                    
Capture Clock : pll_150Mhz (RISE)                    
Slack         : -2.058 (required time - arrival time)
Delay         : 2.383                                

Logic Level             : 20
Non-global nets on path : 20
Global nets on path     :  0

Launch Clock Path Delay        : 5.343
+ Clock To Q + Data Path Delay : 2.902
--------------------------------------
End-of-path arrival time       : 8.245

Constraint                     : 1.000
+ Capture Clock Path Delay     : 5.343
- Clock Uncertainty            : 0.156
--------------------------------------
End-of-path required time      : 6.187

Launch Clock Path
      name         model name   delay (ns)  cumulative delay (ns) pins on net    location
===========================================================================================
pll_150Mhz           inpad        0.000             0.000               0        (0,118)
pll_150Mhz           inpad        0.260             0.260               2        (0,118)
pll_150Mhz           net          0.416             0.676               2        (0,118)
   Routing elements:
      Manhattan distance of X:1, Y:0
CLKBUF__0|I          gbuf         4.667             5.343               2        (1,118)
CLKBUF__0|O          gbuf         0.000             5.343              26        (1,118)
pll_150Mhz~O         net          0.000             5.343              26        (1,118)
counter[0]~FF|CLK    ff           0.000             5.343              26        (81,17)

Data Path
      name        model name   delay (ns)  cumulative delay (ns) pins on net    location
==========================================================================================
counter[0]~FF|Q     ff           0.366             0.366              3         (81,17)
counter[0]          net          0.676             1.042              3         (81,17)
   Routing elements:
      Manhattan distance of X:0, Y:1
add_22/i1|I0        adder        0.290             1.332              3         (81,18)
add_22/i1|CO        adder        0.000             1.332              2         (81,18)
add_22/n2           net          0.000             1.332              2         (81,18)
   Routing elements:
      Manhattan distance of X:0, Y:1
add_22/i2|CI        adder        0.065             1.397              2         (81,19)
add_22/i2|CO        adder        0.000             1.397              2         (81,19)
add_22/n4           net          0.000             1.397              2         (81,19)
   Routing elements:
      Manhattan distance of X:0, Y:1
add_22/i3|CI        adder        0.065             1.462              2         (81,20)
add_22/i3|CO        adder        0.000             1.462              2         (81,20)
add_22/n6           net          0.000             1.462              2         (81,20)
   Routing elements:
      Manhattan distance of X:0, Y:1
add_22/i4|CI        adder        0.065             1.527              2         (81,21)
add_22/i4|CO        adder        0.000             1.527              2         (81,21)
add_22/n8           net          0.000             1.527              2         (81,21)
   Routing elements:
      Manhattan distance of X:0, Y:1
add_22/i5|CI        adder        0.065             1.592              2         (81,22)
add_22/i5|CO        adder        0.000             1.592              2         (81,22)
add_22/n10          net          0.000             1.592              2         (81,22)
   Routing elements:
      Manhattan distance of X:0, Y:1
add_22/i6|CI        adder        0.065             1.657              2         (81,23)
add_22/i6|CO        adder        0.000             1.657              2         (81,23)
add_22/n12          net          0.000             1.657              2         (81,23)
   Routing elements:
      Manhattan distance of X:0, Y:1
add_22/i7|CI        adder        0.065             1.722              2         (81,24)
add_22/i7|CO        adder        0.000             1.722              2         (81,24)
add_22/n14          net          0.000             1.722              2         (81,24)
   Routing elements:
      Manhattan distance of X:0, Y:1
add_22/i8|CI        adder        0.065             1.787              2         (81,25)
add_22/i8|CO        adder        0.000             1.787              2         (81,25)
add_22/n16          net          0.000             1.787              2         (81,25)
   Routing elements:
      Manhattan distance of X:0, Y:1
add_22/i9|CI        adder        0.065             1.852              2         (81,26)
add_22/i9|CO        adder        0.000             1.852              2         (81,26)
add_22/n18          net          0.000             1.852              2         (81,26)
   Routing elements:
      Manhattan distance of X:0, Y:1
add_22/i10|CI       adder        0.065             1.917              2         (81,27)
add_22/i10|CO       adder        0.000             1.917              2         (81,27)
add_22/n20          net          0.000             1.917              2         (81,27)
   Routing elements:
      Manhattan distance of X:0, Y:1
add_22/i11|CI       adder        0.065             1.982              2         (81,28)
add_22/i11|CO       adder        0.000             1.982              2         (81,28)
add_22/n22          net          0.000             1.982              2         (81,28)
   Routing elements:
      Manhattan distance of X:0, Y:1
add_22/i12|CI       adder        0.065             2.047              2         (81,29)
add_22/i12|CO       adder        0.000             2.047              2         (81,29)
add_22/n24          net          0.000             2.047              2         (81,29)
   Routing elements:
      Manhattan distance of X:0, Y:1
add_22/i13|CI       adder        0.065             2.112              2         (81,30)
add_22/i13|CO       adder        0.000             2.112              2         (81,30)
add_22/n26          net          0.000             2.112              2         (81,30)
   Routing elements:
      Manhattan distance of X:0, Y:1
add_22/i14|CI       adder        0.065             2.177              2         (81,31)
add_22/i14|CO       adder        0.000             2.177              2         (81,31)
add_22/n28          net          0.000             2.177              2         (81,31)
   Routing elements:
      Manhattan distance of X:0, Y:1
add_22/i15|CI       adder        0.065             2.242              2         (81,32)
add_22/i15|CO       adder        0.000             2.242              2         (81,32)
add_22/n30          net          0.000             2.242              2         (81,32)
   Routing elements:
      Manhattan distance of X:0, Y:1
add_22/i16|CI       adder        0.065             2.307              2         (81,33)
add_22/i16|CO       adder        0.000             2.307              2         (81,33)
add_22/n32          net          0.000             2.307              2         (81,33)
   Routing elements:
      Manhattan distance of X:0, Y:1
add_22/i17|CI       adder        0.065             2.372              2         (81,34)
add_22/i17|CO       adder        0.000             2.372              2         (81,34)
add_22/n34          net          0.000             2.372              2         (81,34)
   Routing elements:
      Manhattan distance of X:0, Y:1
add_22/i18|CI       adder        0.065             2.437              2         (81,35)
add_22/i18|CO       adder        0.000             2.437              2         (81,35)
add_22/n36          net          0.000             2.437              2         (81,35)
   Routing elements:
      Manhattan distance of X:0, Y:1
add_22/i19|CI       adder        0.065             2.502              2         (81,36)
add_22/i19|CO       adder        0.000             2.502              2         (81,36)
add_22/n38          net          0.000             2.502              2         (81,36)
   Routing elements:
      Manhattan distance of X:0, Y:1
add_22/i20|CI       adder        0.247             2.749              2         (81,37)
add_22/i20|O        adder        0.000             2.749              2         (81,37)
n12                 net          0.000             2.749              2         (81,37)
counter[20]~FF|D    ff           0.153             2.902              2         (81,37)

Capture Clock Path
       name         model name   delay (ns)  cumulative delay (ns) pins on net    location
============================================================================================
pll_150Mhz            inpad        0.000             0.000               0        (0,118)
pll_150Mhz            inpad        0.260             0.260               2        (0,118)
pll_150Mhz            net          0.416             0.676               2        (0,118)
   Routing elements:
      Manhattan distance of X:1, Y:0
CLKBUF__0|I           gbuf         4.667             5.343               2        (1,118)
CLKBUF__0|O           gbuf         0.000             5.343              26        (1,118)
pll_150Mhz~O          net          0.000             5.343              26        (1,118)
counter[20]~FF|CLK    ff           0.000             5.343              26        (81,37)

++++ Path 7 ++++++++++++++++++++++++++++++++++++++++++++++++++++++++++++++++++++

Path Begin    : counter[1]~FF|CLK                    
Path End      : counter[23]~FF|D                     
Launch Clock  : pll_150Mhz (RISE)                    
Capture Clock : pll_150Mhz (RISE)                    
Slack         : -2.015 (required time - arrival time)
Delay         : 2.340                                

Logic Level             : 23
Non-global nets on path : 23
Global nets on path     :  0

Launch Clock Path Delay        : 5.343
+ Clock To Q + Data Path Delay : 2.859
--------------------------------------
End-of-path arrival time       : 8.202

Constraint                     : 1.000
+ Capture Clock Path Delay     : 5.343
- Clock Uncertainty            : 0.156
--------------------------------------
End-of-path required time      : 6.187

Launch Clock Path
      name         model name   delay (ns)  cumulative delay (ns) pins on net    location
===========================================================================================
pll_150Mhz           inpad        0.000             0.000               0        (0,118)
pll_150Mhz           inpad        0.260             0.260               2        (0,118)
pll_150Mhz           net          0.416             0.676               2        (0,118)
   Routing elements:
      Manhattan distance of X:1, Y:0
CLKBUF__0|I          gbuf         4.667             5.343               2        (1,118)
CLKBUF__0|O          gbuf         0.000             5.343              26        (1,118)
pll_150Mhz~O         net          0.000             5.343              26        (1,118)
counter[1]~FF|CLK    ff           0.000             5.343              26        (81,18)

Data Path
      name        model name   delay (ns)  cumulative delay (ns) pins on net    location
==========================================================================================
counter[1]~FF|Q     ff           0.366             0.366              2         (81,18)
counter[1]          net          0.438             0.804              2         (81,18)
add_22/i1|I1        adder        0.290             1.094              2         (81,18)
add_22/i1|CO        adder        0.000             1.094              2         (81,18)
add_22/n2           net          0.000             1.094              2         (81,18)
   Routing elements:
      Manhattan distance of X:0, Y:1
add_22/i2|CI        adder        0.065             1.159              2         (81,19)
add_22/i2|CO        adder        0.000             1.159              2         (81,19)
add_22/n4           net          0.000             1.159              2         (81,19)
   Routing elements:
      Manhattan distance of X:0, Y:1
add_22/i3|CI        adder        0.065             1.224              2         (81,20)
add_22/i3|CO        adder        0.000             1.224              2         (81,20)
add_22/n6           net          0.000             1.224              2         (81,20)
   Routing elements:
      Manhattan distance of X:0, Y:1
add_22/i4|CI        adder        0.065             1.289              2         (81,21)
add_22/i4|CO        adder        0.000             1.289              2         (81,21)
add_22/n8           net          0.000             1.289              2         (81,21)
   Routing elements:
      Manhattan distance of X:0, Y:1
add_22/i5|CI        adder        0.065             1.354              2         (81,22)
add_22/i5|CO        adder        0.000             1.354              2         (81,22)
add_22/n10          net          0.000             1.354              2         (81,22)
   Routing elements:
      Manhattan distance of X:0, Y:1
add_22/i6|CI        adder        0.065             1.419              2         (81,23)
add_22/i6|CO        adder        0.000             1.419              2         (81,23)
add_22/n12          net          0.000             1.419              2         (81,23)
   Routing elements:
      Manhattan distance of X:0, Y:1
add_22/i7|CI        adder        0.065             1.484              2         (81,24)
add_22/i7|CO        adder        0.000             1.484              2         (81,24)
add_22/n14          net          0.000             1.484              2         (81,24)
   Routing elements:
      Manhattan distance of X:0, Y:1
add_22/i8|CI        adder        0.065             1.549              2         (81,25)
add_22/i8|CO        adder        0.000             1.549              2         (81,25)
add_22/n16          net          0.000             1.549              2         (81,25)
   Routing elements:
      Manhattan distance of X:0, Y:1
add_22/i9|CI        adder        0.065             1.614              2         (81,26)
add_22/i9|CO        adder        0.000             1.614              2         (81,26)
add_22/n18          net          0.000             1.614              2         (81,26)
   Routing elements:
      Manhattan distance of X:0, Y:1
add_22/i10|CI       adder        0.065             1.679              2         (81,27)
add_22/i10|CO       adder        0.000             1.679              2         (81,27)
add_22/n20          net          0.000             1.679              2         (81,27)
   Routing elements:
      Manhattan distance of X:0, Y:1
add_22/i11|CI       adder        0.065             1.744              2         (81,28)
add_22/i11|CO       adder        0.000             1.744              2         (81,28)
add_22/n22          net          0.000             1.744              2         (81,28)
   Routing elements:
      Manhattan distance of X:0, Y:1
add_22/i12|CI       adder        0.065             1.809              2         (81,29)
add_22/i12|CO       adder        0.000             1.809              2         (81,29)
add_22/n24          net          0.000             1.809              2         (81,29)
   Routing elements:
      Manhattan distance of X:0, Y:1
add_22/i13|CI       adder        0.065             1.874              2         (81,30)
add_22/i13|CO       adder        0.000             1.874              2         (81,30)
add_22/n26          net          0.000             1.874              2         (81,30)
   Routing elements:
      Manhattan distance of X:0, Y:1
add_22/i14|CI       adder        0.065             1.939              2         (81,31)
add_22/i14|CO       adder        0.000             1.939              2         (81,31)
add_22/n28          net          0.000             1.939              2         (81,31)
   Routing elements:
      Manhattan distance of X:0, Y:1
add_22/i15|CI       adder        0.065             2.004              2         (81,32)
add_22/i15|CO       adder        0.000             2.004              2         (81,32)
add_22/n30          net          0.000             2.004              2         (81,32)
   Routing elements:
      Manhattan distance of X:0, Y:1
add_22/i16|CI       adder        0.065             2.069              2         (81,33)
add_22/i16|CO       adder        0.000             2.069              2         (81,33)
add_22/n32          net          0.000             2.069              2         (81,33)
   Routing elements:
      Manhattan distance of X:0, Y:1
add_22/i17|CI       adder        0.065             2.134              2         (81,34)
add_22/i17|CO       adder        0.000             2.134              2         (81,34)
add_22/n34          net          0.000             2.134              2         (81,34)
   Routing elements:
      Manhattan distance of X:0, Y:1
add_22/i18|CI       adder        0.065             2.199              2         (81,35)
add_22/i18|CO       adder        0.000             2.199              2         (81,35)
add_22/n36          net          0.000             2.199              2         (81,35)
   Routing elements:
      Manhattan distance of X:0, Y:1
add_22/i19|CI       adder        0.065             2.264              2         (81,36)
add_22/i19|CO       adder        0.000             2.264              2         (81,36)
add_22/n38          net          0.000             2.264              2         (81,36)
   Routing elements:
      Manhattan distance of X:0, Y:1
add_22/i20|CI       adder        0.065             2.329              2         (81,37)
add_22/i20|CO       adder        0.000             2.329              2         (81,37)
add_22/n40          net          0.000             2.329              2         (81,37)
   Routing elements:
      Manhattan distance of X:0, Y:1
add_22/i21|CI       adder        0.065             2.394              2         (81,38)
add_22/i21|CO       adder        0.000             2.394              2         (81,38)
add_22/n42          net          0.000             2.394              2         (81,38)
   Routing elements:
      Manhattan distance of X:0, Y:1
add_22/i22|CI       adder        0.065             2.459              2         (81,39)
add_22/i22|CO       adder        0.000             2.459              2         (81,39)
add_22/n44          net          0.000             2.459              2         (81,39)
   Routing elements:
      Manhattan distance of X:0, Y:1
add_22/i23|CI       adder        0.247             2.706              2         (81,40)
add_22/i23|O        adder        0.000             2.706              2         (81,40)
n9                  net          0.000             2.706              2         (81,40)
counter[23]~FF|D    ff           0.153             2.859              2         (81,40)

Capture Clock Path
       name         model name   delay (ns)  cumulative delay (ns) pins on net    location
============================================================================================
pll_150Mhz            inpad        0.000             0.000               0        (0,118)
pll_150Mhz            inpad        0.260             0.260               2        (0,118)
pll_150Mhz            net          0.416             0.676               2        (0,118)
   Routing elements:
      Manhattan distance of X:1, Y:0
CLKBUF__0|I           gbuf         4.667             5.343               2        (1,118)
CLKBUF__0|O           gbuf         0.000             5.343              26        (1,118)
pll_150Mhz~O          net          0.000             5.343              26        (1,118)
counter[23]~FF|CLK    ff           0.000             5.343              26        (81,40)

++++ Path 8 ++++++++++++++++++++++++++++++++++++++++++++++++++++++++++++++++++++

Path Begin    : counter[2]~FF|CLK                    
Path End      : LED[0]~FF|D                          
Launch Clock  : pll_150Mhz (RISE)                    
Capture Clock : pll_150Mhz (RISE)                    
Slack         : -2.015 (required time - arrival time)
Delay         : 2.340                                

Logic Level             : 23
Non-global nets on path : 23
Global nets on path     :  0

Launch Clock Path Delay        : 5.343
+ Clock To Q + Data Path Delay : 2.859
--------------------------------------
End-of-path arrival time       : 8.202

Constraint                     : 1.000
+ Capture Clock Path Delay     : 5.343
- Clock Uncertainty            : 0.156
--------------------------------------
End-of-path required time      : 6.187

Launch Clock Path
      name         model name   delay (ns)  cumulative delay (ns) pins on net    location
===========================================================================================
pll_150Mhz           inpad        0.000             0.000               0        (0,118)
pll_150Mhz           inpad        0.260             0.260               2        (0,118)
pll_150Mhz           net          0.416             0.676               2        (0,118)
   Routing elements:
      Manhattan distance of X:1, Y:0
CLKBUF__0|I          gbuf         4.667             5.343               2        (1,118)
CLKBUF__0|O          gbuf         0.000             5.343              26        (1,118)
pll_150Mhz~O         net          0.000             5.343              26        (1,118)
counter[2]~FF|CLK    ff           0.000             5.343              26        (81,19)

Data Path
     name        model name   delay (ns)  cumulative delay (ns) pins on net    location
=========================================================================================
counter[2]~FF|Q    ff           0.366             0.366              2         (81,19)
counter[2]         net          0.438             0.804              2         (81,19)
add_22/i2|I1       adder        0.290             1.094              2         (81,19)
add_22/i2|CO       adder        0.000             1.094              2         (81,19)
add_22/n4          net          0.000             1.094              2         (81,19)
   Routing elements:
      Manhattan distance of X:0, Y:1
add_22/i3|CI       adder        0.065             1.159              2         (81,20)
add_22/i3|CO       adder        0.000             1.159              2         (81,20)
add_22/n6          net          0.000             1.159              2         (81,20)
   Routing elements:
      Manhattan distance of X:0, Y:1
add_22/i4|CI       adder        0.065             1.224              2         (81,21)
add_22/i4|CO       adder        0.000             1.224              2         (81,21)
add_22/n8          net          0.000             1.224              2         (81,21)
   Routing elements:
      Manhattan distance of X:0, Y:1
add_22/i5|CI       adder        0.065             1.289              2         (81,22)
add_22/i5|CO       adder        0.000             1.289              2         (81,22)
add_22/n10         net          0.000             1.289              2         (81,22)
   Routing elements:
      Manhattan distance of X:0, Y:1
add_22/i6|CI       adder        0.065             1.354              2         (81,23)
add_22/i6|CO       adder        0.000             1.354              2         (81,23)
add_22/n12         net          0.000             1.354              2         (81,23)
   Routing elements:
      Manhattan distance of X:0, Y:1
add_22/i7|CI       adder        0.065             1.419              2         (81,24)
add_22/i7|CO       adder        0.000             1.419              2         (81,24)
add_22/n14         net          0.000             1.419              2         (81,24)
   Routing elements:
      Manhattan distance of X:0, Y:1
add_22/i8|CI       adder        0.065             1.484              2         (81,25)
add_22/i8|CO       adder        0.000             1.484              2         (81,25)
add_22/n16         net          0.000             1.484              2         (81,25)
   Routing elements:
      Manhattan distance of X:0, Y:1
add_22/i9|CI       adder        0.065             1.549              2         (81,26)
add_22/i9|CO       adder        0.000             1.549              2         (81,26)
add_22/n18         net          0.000             1.549              2         (81,26)
   Routing elements:
      Manhattan distance of X:0, Y:1
add_22/i10|CI      adder        0.065             1.614              2         (81,27)
add_22/i10|CO      adder        0.000             1.614              2         (81,27)
add_22/n20         net          0.000             1.614              2         (81,27)
   Routing elements:
      Manhattan distance of X:0, Y:1
add_22/i11|CI      adder        0.065             1.679              2         (81,28)
add_22/i11|CO      adder        0.000             1.679              2         (81,28)
add_22/n22         net          0.000             1.679              2         (81,28)
   Routing elements:
      Manhattan distance of X:0, Y:1
add_22/i12|CI      adder        0.065             1.744              2         (81,29)
add_22/i12|CO      adder        0.000             1.744              2         (81,29)
add_22/n24         net          0.000             1.744              2         (81,29)
   Routing elements:
      Manhattan distance of X:0, Y:1
add_22/i13|CI      adder        0.065             1.809              2         (81,30)
add_22/i13|CO      adder        0.000             1.809              2         (81,30)
add_22/n26         net          0.000             1.809              2         (81,30)
   Routing elements:
      Manhattan distance of X:0, Y:1
add_22/i14|CI      adder        0.065             1.874              2         (81,31)
add_22/i14|CO      adder        0.000             1.874              2         (81,31)
add_22/n28         net          0.000             1.874              2         (81,31)
   Routing elements:
      Manhattan distance of X:0, Y:1
add_22/i15|CI      adder        0.065             1.939              2         (81,32)
add_22/i15|CO      adder        0.000             1.939              2         (81,32)
add_22/n30         net          0.000             1.939              2         (81,32)
   Routing elements:
      Manhattan distance of X:0, Y:1
add_22/i16|CI      adder        0.065             2.004              2         (81,33)
add_22/i16|CO      adder        0.000             2.004              2         (81,33)
add_22/n32         net          0.000             2.004              2         (81,33)
   Routing elements:
      Manhattan distance of X:0, Y:1
add_22/i17|CI      adder        0.065             2.069              2         (81,34)
add_22/i17|CO      adder        0.000             2.069              2         (81,34)
add_22/n34         net          0.000             2.069              2         (81,34)
   Routing elements:
      Manhattan distance of X:0, Y:1
add_22/i18|CI      adder        0.065             2.134              2         (81,35)
add_22/i18|CO      adder        0.000             2.134              2         (81,35)
add_22/n36         net          0.000             2.134              2         (81,35)
   Routing elements:
      Manhattan distance of X:0, Y:1
add_22/i19|CI      adder        0.065             2.199              2         (81,36)
add_22/i19|CO      adder        0.000             2.199              2         (81,36)
add_22/n38         net          0.000             2.199              2         (81,36)
   Routing elements:
      Manhattan distance of X:0, Y:1
add_22/i20|CI      adder        0.065             2.264              2         (81,37)
add_22/i20|CO      adder        0.000             2.264              2         (81,37)
add_22/n40         net          0.000             2.264              2         (81,37)
   Routing elements:
      Manhattan distance of X:0, Y:1
add_22/i21|CI      adder        0.065             2.329              2         (81,38)
add_22/i21|CO      adder        0.000             2.329              2         (81,38)
add_22/n42         net          0.000             2.329              2         (81,38)
   Routing elements:
      Manhattan distance of X:0, Y:1
add_22/i22|CI      adder        0.065             2.394              2         (81,39)
add_22/i22|CO      adder        0.000             2.394              2         (81,39)
add_22/n44         net          0.000             2.394              2         (81,39)
   Routing elements:
      Manhattan distance of X:0, Y:1
add_22/i23|CI      adder        0.065             2.459              2         (81,40)
add_22/i23|CO      adder        0.000             2.459              2         (81,40)
add_22/n46         net          0.000             2.459              2         (81,40)
   Routing elements:
      Manhattan distance of X:0, Y:1
add_22/i24|CI      adder        0.247             2.706              2         (81,41)
add_22/i24|O       adder        0.000             2.706              2         (81,41)
n8                 net          0.000             2.706              2         (81,41)
LED[0]~FF|D        ff           0.153             2.859              2         (81,41)

Capture Clock Path
    name       model name   delay (ns)  cumulative delay (ns) pins on net    location
=======================================================================================
pll_150Mhz       inpad        0.000             0.000               0        (0,118)
pll_150Mhz       inpad        0.260             0.260               2        (0,118)
pll_150Mhz       net          0.416             0.676               2        (0,118)
   Routing elements:
      Manhattan distance of X:1, Y:0
CLKBUF__0|I      gbuf         4.667             5.343               2        (1,118)
CLKBUF__0|O      gbuf         0.000             5.343              26        (1,118)
pll_150Mhz~O     net          0.000             5.343              26        (1,118)
LED[0]~FF|CLK    ff           0.000             5.343              26        (81,41)

++++ Path 9 ++++++++++++++++++++++++++++++++++++++++++++++++++++++++++++++++++++

Path Begin    : counter[0]~FF|CLK                    
Path End      : counter[19]~FF|D                     
Launch Clock  : pll_150Mhz (RISE)                    
Capture Clock : pll_150Mhz (RISE)                    
Slack         : -1.993 (required time - arrival time)
Delay         : 2.318                                

Logic Level             : 19
Non-global nets on path : 19
Global nets on path     :  0

Launch Clock Path Delay        : 5.343
+ Clock To Q + Data Path Delay : 2.837
--------------------------------------
End-of-path arrival time       : 8.180

Constraint                     : 1.000
+ Capture Clock Path Delay     : 5.343
- Clock Uncertainty            : 0.156
--------------------------------------
End-of-path required time      : 6.187

Launch Clock Path
      name         model name   delay (ns)  cumulative delay (ns) pins on net    location
===========================================================================================
pll_150Mhz           inpad        0.000             0.000               0        (0,118)
pll_150Mhz           inpad        0.260             0.260               2        (0,118)
pll_150Mhz           net          0.416             0.676               2        (0,118)
   Routing elements:
      Manhattan distance of X:1, Y:0
CLKBUF__0|I          gbuf         4.667             5.343               2        (1,118)
CLKBUF__0|O          gbuf         0.000             5.343              26        (1,118)
pll_150Mhz~O         net          0.000             5.343              26        (1,118)
counter[0]~FF|CLK    ff           0.000             5.343              26        (81,17)

Data Path
      name        model name   delay (ns)  cumulative delay (ns) pins on net    location
==========================================================================================
counter[0]~FF|Q     ff           0.366             0.366              3         (81,17)
counter[0]          net          0.676             1.042              3         (81,17)
   Routing elements:
      Manhattan distance of X:0, Y:1
add_22/i1|I0        adder        0.290             1.332              3         (81,18)
add_22/i1|CO        adder        0.000             1.332              2         (81,18)
add_22/n2           net          0.000             1.332              2         (81,18)
   Routing elements:
      Manhattan distance of X:0, Y:1
add_22/i2|CI        adder        0.065             1.397              2         (81,19)
add_22/i2|CO        adder        0.000             1.397              2         (81,19)
add_22/n4           net          0.000             1.397              2         (81,19)
   Routing elements:
      Manhattan distance of X:0, Y:1
add_22/i3|CI        adder        0.065             1.462              2         (81,20)
add_22/i3|CO        adder        0.000             1.462              2         (81,20)
add_22/n6           net          0.000             1.462              2         (81,20)
   Routing elements:
      Manhattan distance of X:0, Y:1
add_22/i4|CI        adder        0.065             1.527              2         (81,21)
add_22/i4|CO        adder        0.000             1.527              2         (81,21)
add_22/n8           net          0.000             1.527              2         (81,21)
   Routing elements:
      Manhattan distance of X:0, Y:1
add_22/i5|CI        adder        0.065             1.592              2         (81,22)
add_22/i5|CO        adder        0.000             1.592              2         (81,22)
add_22/n10          net          0.000             1.592              2         (81,22)
   Routing elements:
      Manhattan distance of X:0, Y:1
add_22/i6|CI        adder        0.065             1.657              2         (81,23)
add_22/i6|CO        adder        0.000             1.657              2         (81,23)
add_22/n12          net          0.000             1.657              2         (81,23)
   Routing elements:
      Manhattan distance of X:0, Y:1
add_22/i7|CI        adder        0.065             1.722              2         (81,24)
add_22/i7|CO        adder        0.000             1.722              2         (81,24)
add_22/n14          net          0.000             1.722              2         (81,24)
   Routing elements:
      Manhattan distance of X:0, Y:1
add_22/i8|CI        adder        0.065             1.787              2         (81,25)
add_22/i8|CO        adder        0.000             1.787              2         (81,25)
add_22/n16          net          0.000             1.787              2         (81,25)
   Routing elements:
      Manhattan distance of X:0, Y:1
add_22/i9|CI        adder        0.065             1.852              2         (81,26)
add_22/i9|CO        adder        0.000             1.852              2         (81,26)
add_22/n18          net          0.000             1.852              2         (81,26)
   Routing elements:
      Manhattan distance of X:0, Y:1
add_22/i10|CI       adder        0.065             1.917              2         (81,27)
add_22/i10|CO       adder        0.000             1.917              2         (81,27)
add_22/n20          net          0.000             1.917              2         (81,27)
   Routing elements:
      Manhattan distance of X:0, Y:1
add_22/i11|CI       adder        0.065             1.982              2         (81,28)
add_22/i11|CO       adder        0.000             1.982              2         (81,28)
add_22/n22          net          0.000             1.982              2         (81,28)
   Routing elements:
      Manhattan distance of X:0, Y:1
add_22/i12|CI       adder        0.065             2.047              2         (81,29)
add_22/i12|CO       adder        0.000             2.047              2         (81,29)
add_22/n24          net          0.000             2.047              2         (81,29)
   Routing elements:
      Manhattan distance of X:0, Y:1
add_22/i13|CI       adder        0.065             2.112              2         (81,30)
add_22/i13|CO       adder        0.000             2.112              2         (81,30)
add_22/n26          net          0.000             2.112              2         (81,30)
   Routing elements:
      Manhattan distance of X:0, Y:1
add_22/i14|CI       adder        0.065             2.177              2         (81,31)
add_22/i14|CO       adder        0.000             2.177              2         (81,31)
add_22/n28          net          0.000             2.177              2         (81,31)
   Routing elements:
      Manhattan distance of X:0, Y:1
add_22/i15|CI       adder        0.065             2.242              2         (81,32)
add_22/i15|CO       adder        0.000             2.242              2         (81,32)
add_22/n30          net          0.000             2.242              2         (81,32)
   Routing elements:
      Manhattan distance of X:0, Y:1
add_22/i16|CI       adder        0.065             2.307              2         (81,33)
add_22/i16|CO       adder        0.000             2.307              2         (81,33)
add_22/n32          net          0.000             2.307              2         (81,33)
   Routing elements:
      Manhattan distance of X:0, Y:1
add_22/i17|CI       adder        0.065             2.372              2         (81,34)
add_22/i17|CO       adder        0.000             2.372              2         (81,34)
add_22/n34          net          0.000             2.372              2         (81,34)
   Routing elements:
      Manhattan distance of X:0, Y:1
add_22/i18|CI       adder        0.065             2.437              2         (81,35)
add_22/i18|CO       adder        0.000             2.437              2         (81,35)
add_22/n36          net          0.000             2.437              2         (81,35)
   Routing elements:
      Manhattan distance of X:0, Y:1
add_22/i19|CI       adder        0.247             2.684              2         (81,36)
add_22/i19|O        adder        0.000             2.684              2         (81,36)
n13                 net          0.000             2.684              2         (81,36)
counter[19]~FF|D    ff           0.153             2.837              2         (81,36)

Capture Clock Path
       name         model name   delay (ns)  cumulative delay (ns) pins on net    location
============================================================================================
pll_150Mhz            inpad        0.000             0.000               0        (0,118)
pll_150Mhz            inpad        0.260             0.260               2        (0,118)
pll_150Mhz            net          0.416             0.676               2        (0,118)
   Routing elements:
      Manhattan distance of X:1, Y:0
CLKBUF__0|I           gbuf         4.667             5.343               2        (1,118)
CLKBUF__0|O           gbuf         0.000             5.343              26        (1,118)
pll_150Mhz~O          net          0.000             5.343              26        (1,118)
counter[19]~FF|CLK    ff           0.000             5.343              26        (81,36)

++++ Path 10 +++++++++++++++++++++++++++++++++++++++++++++++++++++++++++++++++++

Path Begin    : counter[3]~FF|CLK                    
Path End      : LED[0]~FF|D                          
Launch Clock  : pll_150Mhz (RISE)                    
Capture Clock : pll_150Mhz (RISE)                    
Slack         : -1.950 (required time - arrival time)
Delay         : 2.275                                

Logic Level             : 22
Non-global nets on path : 22
Global nets on path     :  0

Launch Clock Path Delay        : 5.343
+ Clock To Q + Data Path Delay : 2.794
--------------------------------------
End-of-path arrival time       : 8.137

Constraint                     : 1.000
+ Capture Clock Path Delay     : 5.343
- Clock Uncertainty            : 0.156
--------------------------------------
End-of-path required time      : 6.187

Launch Clock Path
      name         model name   delay (ns)  cumulative delay (ns) pins on net    location
===========================================================================================
pll_150Mhz           inpad        0.000             0.000               0        (0,118)
pll_150Mhz           inpad        0.260             0.260               2        (0,118)
pll_150Mhz           net          0.416             0.676               2        (0,118)
   Routing elements:
      Manhattan distance of X:1, Y:0
CLKBUF__0|I          gbuf         4.667             5.343               2        (1,118)
CLKBUF__0|O          gbuf         0.000             5.343              26        (1,118)
pll_150Mhz~O         net          0.000             5.343              26        (1,118)
counter[3]~FF|CLK    ff           0.000             5.343              26        (81,20)

Data Path
     name        model name   delay (ns)  cumulative delay (ns) pins on net    location
=========================================================================================
counter[3]~FF|Q    ff           0.366             0.366              2         (81,20)
counter[3]         net          0.438             0.804              2         (81,20)
add_22/i3|I1       adder        0.290             1.094              2         (81,20)
add_22/i3|CO       adder        0.000             1.094              2         (81,20)
add_22/n6          net          0.000             1.094              2         (81,20)
   Routing elements:
      Manhattan distance of X:0, Y:1
add_22/i4|CI       adder        0.065             1.159              2         (81,21)
add_22/i4|CO       adder        0.000             1.159              2         (81,21)
add_22/n8          net          0.000             1.159              2         (81,21)
   Routing elements:
      Manhattan distance of X:0, Y:1
add_22/i5|CI       adder        0.065             1.224              2         (81,22)
add_22/i5|CO       adder        0.000             1.224              2         (81,22)
add_22/n10         net          0.000             1.224              2         (81,22)
   Routing elements:
      Manhattan distance of X:0, Y:1
add_22/i6|CI       adder        0.065             1.289              2         (81,23)
add_22/i6|CO       adder        0.000             1.289              2         (81,23)
add_22/n12         net          0.000             1.289              2         (81,23)
   Routing elements:
      Manhattan distance of X:0, Y:1
add_22/i7|CI       adder        0.065             1.354              2         (81,24)
add_22/i7|CO       adder        0.000             1.354              2         (81,24)
add_22/n14         net          0.000             1.354              2         (81,24)
   Routing elements:
      Manhattan distance of X:0, Y:1
add_22/i8|CI       adder        0.065             1.419              2         (81,25)
add_22/i8|CO       adder        0.000             1.419              2         (81,25)
add_22/n16         net          0.000             1.419              2         (81,25)
   Routing elements:
      Manhattan distance of X:0, Y:1
add_22/i9|CI       adder        0.065             1.484              2         (81,26)
add_22/i9|CO       adder        0.000             1.484              2         (81,26)
add_22/n18         net          0.000             1.484              2         (81,26)
   Routing elements:
      Manhattan distance of X:0, Y:1
add_22/i10|CI      adder        0.065             1.549              2         (81,27)
add_22/i10|CO      adder        0.000             1.549              2         (81,27)
add_22/n20         net          0.000             1.549              2         (81,27)
   Routing elements:
      Manhattan distance of X:0, Y:1
add_22/i11|CI      adder        0.065             1.614              2         (81,28)
add_22/i11|CO      adder        0.000             1.614              2         (81,28)
add_22/n22         net          0.000             1.614              2         (81,28)
   Routing elements:
      Manhattan distance of X:0, Y:1
add_22/i12|CI      adder        0.065             1.679              2         (81,29)
add_22/i12|CO      adder        0.000             1.679              2         (81,29)
add_22/n24         net          0.000             1.679              2         (81,29)
   Routing elements:
      Manhattan distance of X:0, Y:1
add_22/i13|CI      adder        0.065             1.744              2         (81,30)
add_22/i13|CO      adder        0.000             1.744              2         (81,30)
add_22/n26         net          0.000             1.744              2         (81,30)
   Routing elements:
      Manhattan distance of X:0, Y:1
add_22/i14|CI      adder        0.065             1.809              2         (81,31)
add_22/i14|CO      adder        0.000             1.809              2         (81,31)
add_22/n28         net          0.000             1.809              2         (81,31)
   Routing elements:
      Manhattan distance of X:0, Y:1
add_22/i15|CI      adder        0.065             1.874              2         (81,32)
add_22/i15|CO      adder        0.000             1.874              2         (81,32)
add_22/n30         net          0.000             1.874              2         (81,32)
   Routing elements:
      Manhattan distance of X:0, Y:1
add_22/i16|CI      adder        0.065             1.939              2         (81,33)
add_22/i16|CO      adder        0.000             1.939              2         (81,33)
add_22/n32         net          0.000             1.939              2         (81,33)
   Routing elements:
      Manhattan distance of X:0, Y:1
add_22/i17|CI      adder        0.065             2.004              2         (81,34)
add_22/i17|CO      adder        0.000             2.004              2         (81,34)
add_22/n34         net          0.000             2.004              2         (81,34)
   Routing elements:
      Manhattan distance of X:0, Y:1
add_22/i18|CI      adder        0.065             2.069              2         (81,35)
add_22/i18|CO      adder        0.000             2.069              2         (81,35)
add_22/n36         net          0.000             2.069              2         (81,35)
   Routing elements:
      Manhattan distance of X:0, Y:1
add_22/i19|CI      adder        0.065             2.134              2         (81,36)
add_22/i19|CO      adder        0.000             2.134              2         (81,36)
add_22/n38         net          0.000             2.134              2         (81,36)
   Routing elements:
      Manhattan distance of X:0, Y:1
add_22/i20|CI      adder        0.065             2.199              2         (81,37)
add_22/i20|CO      adder        0.000             2.199              2         (81,37)
add_22/n40         net          0.000             2.199              2         (81,37)
   Routing elements:
      Manhattan distance of X:0, Y:1
add_22/i21|CI      adder        0.065             2.264              2         (81,38)
add_22/i21|CO      adder        0.000             2.264              2         (81,38)
add_22/n42         net          0.000             2.264              2         (81,38)
   Routing elements:
      Manhattan distance of X:0, Y:1
add_22/i22|CI      adder        0.065             2.329              2         (81,39)
add_22/i22|CO      adder        0.000             2.329              2         (81,39)
add_22/n44         net          0.000             2.329              2         (81,39)
   Routing elements:
      Manhattan distance of X:0, Y:1
add_22/i23|CI      adder        0.065             2.394              2         (81,40)
add_22/i23|CO      adder        0.000             2.394              2         (81,40)
add_22/n46         net          0.000             2.394              2         (81,40)
   Routing elements:
      Manhattan distance of X:0, Y:1
add_22/i24|CI      adder        0.247             2.641              2         (81,41)
add_22/i24|O       adder        0.000             2.641              2         (81,41)
n8                 net          0.000             2.641              2         (81,41)
LED[0]~FF|D        ff           0.153             2.794              2         (81,41)

Capture Clock Path
    name       model name   delay (ns)  cumulative delay (ns) pins on net    location
=======================================================================================
pll_150Mhz       inpad        0.000             0.000               0        (0,118)
pll_150Mhz       inpad        0.260             0.260               2        (0,118)
pll_150Mhz       net          0.416             0.676               2        (0,118)
   Routing elements:
      Manhattan distance of X:1, Y:0
CLKBUF__0|I      gbuf         4.667             5.343               2        (1,118)
CLKBUF__0|O      gbuf         0.000             5.343              26        (1,118)
pll_150Mhz~O     net          0.000             5.343              26        (1,118)
LED[0]~FF|CLK    ff           0.000             5.343              26        (81,41)

---------- Path Details for Max Critical Paths (end) ---------------

---------- 4. Path Details for Min Critical Paths (begin) ----------

################################################################################
Path Detail Report (pll_150Mhz vs pll_150Mhz)
################################################################################


++++ Path 1 ++++++++++++++++++++++++++++++++++++++++++++++++++++++++++++++++++++

Path Begin    : counter[0]~FF|CLK                   
Path End      : counter[0]~FF|D                     
Launch Clock  : pll_150Mhz (RISE)                   
Capture Clock : pll_150Mhz (RISE)                   
Slack         : 0.307 (arrival time - required time)
Delay         : 0.226                               

Logic Level             : 0
Non-global nets on path : 1
Global nets on path     : 0

Launch Clock Path Delay        : 2.055
+ Clock To Q + Data Path Delay : 0.367
--------------------------------------
End-of-path arrival time       : 2.422

Constraint                     : 0.000
+ Capture Clock Path Delay     : 2.055
+ Clock Uncertainty            : 0.060
--------------------------------------
End-of-path required time      : 2.115

Launch Clock Path
      name         model name   delay (ns)  cumulative delay (ns) pins on net    location
===========================================================================================
pll_150Mhz           inpad        0.000             0.000               0        (0,118)
pll_150Mhz           inpad        0.100             0.100               2        (0,118)
pll_150Mhz           net          0.160             0.260               2        (0,118)
   Routing elements:
      Manhattan distance of X:1, Y:0
CLKBUF__0|I          gbuf         1.795             2.055               2        (1,118)
CLKBUF__0|O          gbuf         0.000             2.055              26        (1,118)
pll_150Mhz~O         net          0.000             2.055              26        (1,118)
counter[0]~FF|CLK    ff           0.000             2.055              26        (81,17)

Data Path
     name        model name   delay (ns)  cumulative delay (ns) pins on net    location
=========================================================================================
counter[0]~FF|Q     ff          0.141             0.141              3         (81,17)
counter[0]          net         0.226             0.367              3         (81,17)
counter[0]~FF|D     ff          0.000             0.367              3         (81,17)

Capture Clock Path
      name         model name   delay (ns)  cumulative delay (ns) pins on net    location
===========================================================================================
pll_150Mhz           inpad        0.000             0.000               0        (0,118)
pll_150Mhz           inpad        0.100             0.100               2        (0,118)
pll_150Mhz           net          0.160             0.260               2        (0,118)
   Routing elements:
      Manhattan distance of X:1, Y:0
CLKBUF__0|I          gbuf         1.795             2.055               2        (1,118)
CLKBUF__0|O          gbuf         0.000             2.055              26        (1,118)
pll_150Mhz~O         net          0.000             2.055              26        (1,118)
counter[0]~FF|CLK    ff           0.000             2.055              26        (81,17)

++++ Path 2 ++++++++++++++++++++++++++++++++++++++++++++++++++++++++++++++++++++

Path Begin    : counter[10]~FF|CLK                  
Path End      : counter[10]~FF|D                    
Launch Clock  : pll_150Mhz (RISE)                   
Capture Clock : pll_150Mhz (RISE)                   
Slack         : 0.361 (arrival time - required time)
Delay         : 0.280                               

Logic Level             : 1
Non-global nets on path : 1
Global nets on path     : 0

Launch Clock Path Delay        : 2.055
+ Clock To Q + Data Path Delay : 0.421
--------------------------------------
End-of-path arrival time       : 2.476

Constraint                     : 0.000
+ Capture Clock Path Delay     : 2.055
+ Clock Uncertainty            : 0.060
--------------------------------------
End-of-path required time      : 2.115

Launch Clock Path
       name         model name   delay (ns)  cumulative delay (ns) pins on net    location
============================================================================================
pll_150Mhz            inpad        0.000             0.000               0        (0,118)
pll_150Mhz            inpad        0.100             0.100               2        (0,118)
pll_150Mhz            net          0.160             0.260               2        (0,118)
   Routing elements:
      Manhattan distance of X:1, Y:0
CLKBUF__0|I           gbuf         1.795             2.055               2        (1,118)
CLKBUF__0|O           gbuf         0.000             2.055              26        (1,118)
pll_150Mhz~O          net          0.000             2.055              26        (1,118)
counter[10]~FF|CLK    ff           0.000             2.055              26        (81,27)

Data Path
      name        model name   delay (ns)  cumulative delay (ns) pins on net    location
==========================================================================================
counter[10]~FF|Q    ff           0.141             0.141              2         (81,27)
counter[10]         net          0.168             0.309              2         (81,27)
add_22/i10|I1       adder        0.112             0.421              2         (81,27)
add_22/i10|O        adder        0.000             0.421              2         (81,27)
n22                 net          0.000             0.421              2         (81,27)
counter[10]~FF|D    ff           0.000             0.421              2         (81,27)

Capture Clock Path
       name         model name   delay (ns)  cumulative delay (ns) pins on net    location
============================================================================================
pll_150Mhz            inpad        0.000             0.000               0        (0,118)
pll_150Mhz            inpad        0.100             0.100               2        (0,118)
pll_150Mhz            net          0.160             0.260               2        (0,118)
   Routing elements:
      Manhattan distance of X:1, Y:0
CLKBUF__0|I           gbuf         1.795             2.055               2        (1,118)
CLKBUF__0|O           gbuf         0.000             2.055              26        (1,118)
pll_150Mhz~O          net          0.000             2.055              26        (1,118)
counter[10]~FF|CLK    ff           0.000             2.055              26        (81,27)

++++ Path 3 ++++++++++++++++++++++++++++++++++++++++++++++++++++++++++++++++++++

Path Begin    : counter[11]~FF|CLK                  
Path End      : counter[11]~FF|D                    
Launch Clock  : pll_150Mhz (RISE)                   
Capture Clock : pll_150Mhz (RISE)                   
Slack         : 0.361 (arrival time - required time)
Delay         : 0.280                               

Logic Level             : 1
Non-global nets on path : 1
Global nets on path     : 0

Launch Clock Path Delay        : 2.055
+ Clock To Q + Data Path Delay : 0.421
--------------------------------------
End-of-path arrival time       : 2.476

Constraint                     : 0.000
+ Capture Clock Path Delay     : 2.055
+ Clock Uncertainty            : 0.060
--------------------------------------
End-of-path required time      : 2.115

Launch Clock Path
       name         model name   delay (ns)  cumulative delay (ns) pins on net    location
============================================================================================
pll_150Mhz            inpad        0.000             0.000               0        (0,118)
pll_150Mhz            inpad        0.100             0.100               2        (0,118)
pll_150Mhz            net          0.160             0.260               2        (0,118)
   Routing elements:
      Manhattan distance of X:1, Y:0
CLKBUF__0|I           gbuf         1.795             2.055               2        (1,118)
CLKBUF__0|O           gbuf         0.000             2.055              26        (1,118)
pll_150Mhz~O          net          0.000             2.055              26        (1,118)
counter[11]~FF|CLK    ff           0.000             2.055              26        (81,28)

Data Path
      name        model name   delay (ns)  cumulative delay (ns) pins on net    location
==========================================================================================
counter[11]~FF|Q    ff           0.141             0.141              2         (81,28)
counter[11]         net          0.168             0.309              2         (81,28)
add_22/i11|I1       adder        0.112             0.421              2         (81,28)
add_22/i11|O        adder        0.000             0.421              2         (81,28)
n21                 net          0.000             0.421              2         (81,28)
counter[11]~FF|D    ff           0.000             0.421              2         (81,28)

Capture Clock Path
       name         model name   delay (ns)  cumulative delay (ns) pins on net    location
============================================================================================
pll_150Mhz            inpad        0.000             0.000               0        (0,118)
pll_150Mhz            inpad        0.100             0.100               2        (0,118)
pll_150Mhz            net          0.160             0.260               2        (0,118)
   Routing elements:
      Manhattan distance of X:1, Y:0
CLKBUF__0|I           gbuf         1.795             2.055               2        (1,118)
CLKBUF__0|O           gbuf         0.000             2.055              26        (1,118)
pll_150Mhz~O          net          0.000             2.055              26        (1,118)
counter[11]~FF|CLK    ff           0.000             2.055              26        (81,28)

++++ Path 4 ++++++++++++++++++++++++++++++++++++++++++++++++++++++++++++++++++++

Path Begin    : counter[13]~FF|CLK                  
Path End      : counter[13]~FF|D                    
Launch Clock  : pll_150Mhz (RISE)                   
Capture Clock : pll_150Mhz (RISE)                   
Slack         : 0.361 (arrival time - required time)
Delay         : 0.280                               

Logic Level             : 1
Non-global nets on path : 1
Global nets on path     : 0

Launch Clock Path Delay        : 2.055
+ Clock To Q + Data Path Delay : 0.421
--------------------------------------
End-of-path arrival time       : 2.476

Constraint                     : 0.000
+ Capture Clock Path Delay     : 2.055
+ Clock Uncertainty            : 0.060
--------------------------------------
End-of-path required time      : 2.115

Launch Clock Path
       name         model name   delay (ns)  cumulative delay (ns) pins on net    location
============================================================================================
pll_150Mhz            inpad        0.000             0.000               0        (0,118)
pll_150Mhz            inpad        0.100             0.100               2        (0,118)
pll_150Mhz            net          0.160             0.260               2        (0,118)
   Routing elements:
      Manhattan distance of X:1, Y:0
CLKBUF__0|I           gbuf         1.795             2.055               2        (1,118)
CLKBUF__0|O           gbuf         0.000             2.055              26        (1,118)
pll_150Mhz~O          net          0.000             2.055              26        (1,118)
counter[13]~FF|CLK    ff           0.000             2.055              26        (81,30)

Data Path
      name        model name   delay (ns)  cumulative delay (ns) pins on net    location
==========================================================================================
counter[13]~FF|Q    ff           0.141             0.141              2         (81,30)
counter[13]         net          0.168             0.309              2         (81,30)
add_22/i13|I1       adder        0.112             0.421              2         (81,30)
add_22/i13|O        adder        0.000             0.421              2         (81,30)
n19                 net          0.000             0.421              2         (81,30)
counter[13]~FF|D    ff           0.000             0.421              2         (81,30)

Capture Clock Path
       name         model name   delay (ns)  cumulative delay (ns) pins on net    location
============================================================================================
pll_150Mhz            inpad        0.000             0.000               0        (0,118)
pll_150Mhz            inpad        0.100             0.100               2        (0,118)
pll_150Mhz            net          0.160             0.260               2        (0,118)
   Routing elements:
      Manhattan distance of X:1, Y:0
CLKBUF__0|I           gbuf         1.795             2.055               2        (1,118)
CLKBUF__0|O           gbuf         0.000             2.055              26        (1,118)
pll_150Mhz~O          net          0.000             2.055              26        (1,118)
counter[13]~FF|CLK    ff           0.000             2.055              26        (81,30)

++++ Path 5 ++++++++++++++++++++++++++++++++++++++++++++++++++++++++++++++++++++

Path Begin    : counter[15]~FF|CLK                  
Path End      : counter[15]~FF|D                    
Launch Clock  : pll_150Mhz (RISE)                   
Capture Clock : pll_150Mhz (RISE)                   
Slack         : 0.361 (arrival time - required time)
Delay         : 0.280                               

Logic Level             : 1
Non-global nets on path : 1
Global nets on path     : 0

Launch Clock Path Delay        : 2.055
+ Clock To Q + Data Path Delay : 0.421
--------------------------------------
End-of-path arrival time       : 2.476

Constraint                     : 0.000
+ Capture Clock Path Delay     : 2.055
+ Clock Uncertainty            : 0.060
--------------------------------------
End-of-path required time      : 2.115

Launch Clock Path
       name         model name   delay (ns)  cumulative delay (ns) pins on net    location
============================================================================================
pll_150Mhz            inpad        0.000             0.000               0        (0,118)
pll_150Mhz            inpad        0.100             0.100               2        (0,118)
pll_150Mhz            net          0.160             0.260               2        (0,118)
   Routing elements:
      Manhattan distance of X:1, Y:0
CLKBUF__0|I           gbuf         1.795             2.055               2        (1,118)
CLKBUF__0|O           gbuf         0.000             2.055              26        (1,118)
pll_150Mhz~O          net          0.000             2.055              26        (1,118)
counter[15]~FF|CLK    ff           0.000             2.055              26        (81,32)

Data Path
      name        model name   delay (ns)  cumulative delay (ns) pins on net    location
==========================================================================================
counter[15]~FF|Q    ff           0.141             0.141              2         (81,32)
counter[15]         net          0.168             0.309              2         (81,32)
add_22/i15|I1       adder        0.112             0.421              2         (81,32)
add_22/i15|O        adder        0.000             0.421              2         (81,32)
n17                 net          0.000             0.421              2         (81,32)
counter[15]~FF|D    ff           0.000             0.421              2         (81,32)

Capture Clock Path
       name         model name   delay (ns)  cumulative delay (ns) pins on net    location
============================================================================================
pll_150Mhz            inpad        0.000             0.000               0        (0,118)
pll_150Mhz            inpad        0.100             0.100               2        (0,118)
pll_150Mhz            net          0.160             0.260               2        (0,118)
   Routing elements:
      Manhattan distance of X:1, Y:0
CLKBUF__0|I           gbuf         1.795             2.055               2        (1,118)
CLKBUF__0|O           gbuf         0.000             2.055              26        (1,118)
pll_150Mhz~O          net          0.000             2.055              26        (1,118)
counter[15]~FF|CLK    ff           0.000             2.055              26        (81,32)

++++ Path 6 ++++++++++++++++++++++++++++++++++++++++++++++++++++++++++++++++++++

Path Begin    : counter[9]~FF|CLK                   
Path End      : counter[9]~FF|D                     
Launch Clock  : pll_150Mhz (RISE)                   
Capture Clock : pll_150Mhz (RISE)                   
Slack         : 0.361 (arrival time - required time)
Delay         : 0.280                               

Logic Level             : 1
Non-global nets on path : 1
Global nets on path     : 0

Launch Clock Path Delay        : 2.055
+ Clock To Q + Data Path Delay : 0.421
--------------------------------------
End-of-path arrival time       : 2.476

Constraint                     : 0.000
+ Capture Clock Path Delay     : 2.055
+ Clock Uncertainty            : 0.060
--------------------------------------
End-of-path required time      : 2.115

Launch Clock Path
      name         model name   delay (ns)  cumulative delay (ns) pins on net    location
===========================================================================================
pll_150Mhz           inpad        0.000             0.000               0        (0,118)
pll_150Mhz           inpad        0.100             0.100               2        (0,118)
pll_150Mhz           net          0.160             0.260               2        (0,118)
   Routing elements:
      Manhattan distance of X:1, Y:0
CLKBUF__0|I          gbuf         1.795             2.055               2        (1,118)
CLKBUF__0|O          gbuf         0.000             2.055              26        (1,118)
pll_150Mhz~O         net          0.000             2.055              26        (1,118)
counter[9]~FF|CLK    ff           0.000             2.055              26        (81,26)

Data Path
     name        model name   delay (ns)  cumulative delay (ns) pins on net    location
=========================================================================================
counter[9]~FF|Q    ff           0.141             0.141              2         (81,26)
counter[9]         net          0.168             0.309              2         (81,26)
add_22/i9|I1       adder        0.112             0.421              2         (81,26)
add_22/i9|O        adder        0.000             0.421              2         (81,26)
n23                net          0.000             0.421              2         (81,26)
counter[9]~FF|D    ff           0.000             0.421              2         (81,26)

Capture Clock Path
      name         model name   delay (ns)  cumulative delay (ns) pins on net    location
===========================================================================================
pll_150Mhz           inpad        0.000             0.000               0        (0,118)
pll_150Mhz           inpad        0.100             0.100               2        (0,118)
pll_150Mhz           net          0.160             0.260               2        (0,118)
   Routing elements:
      Manhattan distance of X:1, Y:0
CLKBUF__0|I          gbuf         1.795             2.055               2        (1,118)
CLKBUF__0|O          gbuf         0.000             2.055              26        (1,118)
pll_150Mhz~O         net          0.000             2.055              26        (1,118)
counter[9]~FF|CLK    ff           0.000             2.055              26        (81,26)

++++ Path 7 ++++++++++++++++++++++++++++++++++++++++++++++++++++++++++++++++++++

Path Begin    : counter[8]~FF|CLK                   
Path End      : counter[8]~FF|D                     
Launch Clock  : pll_150Mhz (RISE)                   
Capture Clock : pll_150Mhz (RISE)                   
Slack         : 0.361 (arrival time - required time)
Delay         : 0.280                               

Logic Level             : 1
Non-global nets on path : 1
Global nets on path     : 0

Launch Clock Path Delay        : 2.055
+ Clock To Q + Data Path Delay : 0.421
--------------------------------------
End-of-path arrival time       : 2.476

Constraint                     : 0.000
+ Capture Clock Path Delay     : 2.055
+ Clock Uncertainty            : 0.060
--------------------------------------
End-of-path required time      : 2.115

Launch Clock Path
      name         model name   delay (ns)  cumulative delay (ns) pins on net    location
===========================================================================================
pll_150Mhz           inpad        0.000             0.000               0        (0,118)
pll_150Mhz           inpad        0.100             0.100               2        (0,118)
pll_150Mhz           net          0.160             0.260               2        (0,118)
   Routing elements:
      Manhattan distance of X:1, Y:0
CLKBUF__0|I          gbuf         1.795             2.055               2        (1,118)
CLKBUF__0|O          gbuf         0.000             2.055              26        (1,118)
pll_150Mhz~O         net          0.000             2.055              26        (1,118)
counter[8]~FF|CLK    ff           0.000             2.055              26        (81,25)

Data Path
     name        model name   delay (ns)  cumulative delay (ns) pins on net    location
=========================================================================================
counter[8]~FF|Q    ff           0.141             0.141              2         (81,25)
counter[8]         net          0.168             0.309              2         (81,25)
add_22/i8|I1       adder        0.112             0.421              2         (81,25)
add_22/i8|O        adder        0.000             0.421              2         (81,25)
n24                net          0.000             0.421              2         (81,25)
counter[8]~FF|D    ff           0.000             0.421              2         (81,25)

Capture Clock Path
      name         model name   delay (ns)  cumulative delay (ns) pins on net    location
===========================================================================================
pll_150Mhz           inpad        0.000             0.000               0        (0,118)
pll_150Mhz           inpad        0.100             0.100               2        (0,118)
pll_150Mhz           net          0.160             0.260               2        (0,118)
   Routing elements:
      Manhattan distance of X:1, Y:0
CLKBUF__0|I          gbuf         1.795             2.055               2        (1,118)
CLKBUF__0|O          gbuf         0.000             2.055              26        (1,118)
pll_150Mhz~O         net          0.000             2.055              26        (1,118)
counter[8]~FF|CLK    ff           0.000             2.055              26        (81,25)

++++ Path 8 ++++++++++++++++++++++++++++++++++++++++++++++++++++++++++++++++++++

Path Begin    : counter[7]~FF|CLK                   
Path End      : counter[7]~FF|D                     
Launch Clock  : pll_150Mhz (RISE)                   
Capture Clock : pll_150Mhz (RISE)                   
Slack         : 0.361 (arrival time - required time)
Delay         : 0.280                               

Logic Level             : 1
Non-global nets on path : 1
Global nets on path     : 0

Launch Clock Path Delay        : 2.055
+ Clock To Q + Data Path Delay : 0.421
--------------------------------------
End-of-path arrival time       : 2.476

Constraint                     : 0.000
+ Capture Clock Path Delay     : 2.055
+ Clock Uncertainty            : 0.060
--------------------------------------
End-of-path required time      : 2.115

Launch Clock Path
      name         model name   delay (ns)  cumulative delay (ns) pins on net    location
===========================================================================================
pll_150Mhz           inpad        0.000             0.000               0        (0,118)
pll_150Mhz           inpad        0.100             0.100               2        (0,118)
pll_150Mhz           net          0.160             0.260               2        (0,118)
   Routing elements:
      Manhattan distance of X:1, Y:0
CLKBUF__0|I          gbuf         1.795             2.055               2        (1,118)
CLKBUF__0|O          gbuf         0.000             2.055              26        (1,118)
pll_150Mhz~O         net          0.000             2.055              26        (1,118)
counter[7]~FF|CLK    ff           0.000             2.055              26        (81,24)

Data Path
     name        model name   delay (ns)  cumulative delay (ns) pins on net    location
=========================================================================================
counter[7]~FF|Q    ff           0.141             0.141              2         (81,24)
counter[7]         net          0.168             0.309              2         (81,24)
add_22/i7|I1       adder        0.112             0.421              2         (81,24)
add_22/i7|O        adder        0.000             0.421              2         (81,24)
n25                net          0.000             0.421              2         (81,24)
counter[7]~FF|D    ff           0.000             0.421              2         (81,24)

Capture Clock Path
      name         model name   delay (ns)  cumulative delay (ns) pins on net    location
===========================================================================================
pll_150Mhz           inpad        0.000             0.000               0        (0,118)
pll_150Mhz           inpad        0.100             0.100               2        (0,118)
pll_150Mhz           net          0.160             0.260               2        (0,118)
   Routing elements:
      Manhattan distance of X:1, Y:0
CLKBUF__0|I          gbuf         1.795             2.055               2        (1,118)
CLKBUF__0|O          gbuf         0.000             2.055              26        (1,118)
pll_150Mhz~O         net          0.000             2.055              26        (1,118)
counter[7]~FF|CLK    ff           0.000             2.055              26        (81,24)

++++ Path 9 ++++++++++++++++++++++++++++++++++++++++++++++++++++++++++++++++++++

Path Begin    : counter[16]~FF|CLK                  
Path End      : counter[16]~FF|D                    
Launch Clock  : pll_150Mhz (RISE)                   
Capture Clock : pll_150Mhz (RISE)                   
Slack         : 0.361 (arrival time - required time)
Delay         : 0.280                               

Logic Level             : 1
Non-global nets on path : 1
Global nets on path     : 0

Launch Clock Path Delay        : 2.055
+ Clock To Q + Data Path Delay : 0.421
--------------------------------------
End-of-path arrival time       : 2.476

Constraint                     : 0.000
+ Capture Clock Path Delay     : 2.055
+ Clock Uncertainty            : 0.060
--------------------------------------
End-of-path required time      : 2.115

Launch Clock Path
       name         model name   delay (ns)  cumulative delay (ns) pins on net    location
============================================================================================
pll_150Mhz            inpad        0.000             0.000               0        (0,118)
pll_150Mhz            inpad        0.100             0.100               2        (0,118)
pll_150Mhz            net          0.160             0.260               2        (0,118)
   Routing elements:
      Manhattan distance of X:1, Y:0
CLKBUF__0|I           gbuf         1.795             2.055               2        (1,118)
CLKBUF__0|O           gbuf         0.000             2.055              26        (1,118)
pll_150Mhz~O          net          0.000             2.055              26        (1,118)
counter[16]~FF|CLK    ff           0.000             2.055              26        (81,33)

Data Path
      name        model name   delay (ns)  cumulative delay (ns) pins on net    location
==========================================================================================
counter[16]~FF|Q    ff           0.141             0.141              2         (81,33)
counter[16]         net          0.168             0.309              2         (81,33)
add_22/i16|I1       adder        0.112             0.421              2         (81,33)
add_22/i16|O        adder        0.000             0.421              2         (81,33)
n16                 net          0.000             0.421              2         (81,33)
counter[16]~FF|D    ff           0.000             0.421              2         (81,33)

Capture Clock Path
       name         model name   delay (ns)  cumulative delay (ns) pins on net    location
============================================================================================
pll_150Mhz            inpad        0.000             0.000               0        (0,118)
pll_150Mhz            inpad        0.100             0.100               2        (0,118)
pll_150Mhz            net          0.160             0.260               2        (0,118)
   Routing elements:
      Manhattan distance of X:1, Y:0
CLKBUF__0|I           gbuf         1.795             2.055               2        (1,118)
CLKBUF__0|O           gbuf         0.000             2.055              26        (1,118)
pll_150Mhz~O          net          0.000             2.055              26        (1,118)
counter[16]~FF|CLK    ff           0.000             2.055              26        (81,33)

++++ Path 10 +++++++++++++++++++++++++++++++++++++++++++++++++++++++++++++++++++

Path Begin    : counter[12]~FF|CLK                  
Path End      : counter[12]~FF|D                    
Launch Clock  : pll_150Mhz (RISE)                   
Capture Clock : pll_150Mhz (RISE)                   
Slack         : 0.361 (arrival time - required time)
Delay         : 0.280                               

Logic Level             : 1
Non-global nets on path : 1
Global nets on path     : 0

Launch Clock Path Delay        : 2.055
+ Clock To Q + Data Path Delay : 0.421
--------------------------------------
End-of-path arrival time       : 2.476

Constraint                     : 0.000
+ Capture Clock Path Delay     : 2.055
+ Clock Uncertainty            : 0.060
--------------------------------------
End-of-path required time      : 2.115

Launch Clock Path
       name         model name   delay (ns)  cumulative delay (ns) pins on net    location
============================================================================================
pll_150Mhz            inpad        0.000             0.000               0        (0,118)
pll_150Mhz            inpad        0.100             0.100               2        (0,118)
pll_150Mhz            net          0.160             0.260               2        (0,118)
   Routing elements:
      Manhattan distance of X:1, Y:0
CLKBUF__0|I           gbuf         1.795             2.055               2        (1,118)
CLKBUF__0|O           gbuf         0.000             2.055              26        (1,118)
pll_150Mhz~O          net          0.000             2.055              26        (1,118)
counter[12]~FF|CLK    ff           0.000             2.055              26        (81,29)

Data Path
      name        model name   delay (ns)  cumulative delay (ns) pins on net    location
==========================================================================================
counter[12]~FF|Q    ff           0.141             0.141              2         (81,29)
counter[12]         net          0.168             0.309              2         (81,29)
add_22/i12|I1       adder        0.112             0.421              2         (81,29)
add_22/i12|O        adder        0.000             0.421              2         (81,29)
n20                 net          0.000             0.421              2         (81,29)
counter[12]~FF|D    ff           0.000             0.421              2         (81,29)

Capture Clock Path
       name         model name   delay (ns)  cumulative delay (ns) pins on net    location
============================================================================================
pll_150Mhz            inpad        0.000             0.000               0        (0,118)
pll_150Mhz            inpad        0.100             0.100               2        (0,118)
pll_150Mhz            net          0.160             0.260               2        (0,118)
   Routing elements:
      Manhattan distance of X:1, Y:0
CLKBUF__0|I           gbuf         1.795             2.055               2        (1,118)
CLKBUF__0|O           gbuf         0.000             2.055              26        (1,118)
pll_150Mhz~O          net          0.000             2.055              26        (1,118)
counter[12]~FF|CLK    ff           0.000             2.055              26        (81,29)

---------- Path Details for Min Critical Paths (end) ---------------

